build_utc,radar_t0_utc,echo_km2,motion_heading,motion_kmh,cells,stations,gauges,fire_pixels
2026-09-25T15:54Z,2026-09-25T15:50Z,53409,333,18,7,10,15,2434
2026-09-25T16:00Z,2026-09-25T16:00Z,53105,338,15,7,8,15,2434
2026-09-25T20:03Z,2026-09-25T20:00Z,63865,335,23,8,7,15,2434
2026-09-25T23:20Z,2026-09-25T23:10Z,63777,335,22,7,8,15,2543
2026-09-26T05:05Z,2026-09-26T05:00Z,60236,327,27,8,17,15,
2026-09-26T13:08Z,2026-09-26T13:00Z,46882,345,20,7,14,15,2952
2026-09-26T16:28Z,2026-09-26T16:20Z,30195,348,18,6,8,15,2952
2026-09-26T21:14Z,2026-09-26T21:10Z,12497,7,32,2,7,15,2952
2026-09-27T07:42Z,2026-09-27T07:40Z,2950,67,12,3,17,15,2677
2026-09-27T07:58Z,2026-09-27T07:50Z,3250,62,11,5,17,15,2677
2026-09-27T08:04Z,2026-09-27T08:00Z,3311,64,10,4,17,15,2677
2026-09-27T08:08Z,2026-09-27T08:00Z,3311,64,10,4,17,15,2677
2026-09-27T08:16Z,2026-09-27T08:10Z,3594,57,10,5,17,15,2677
2026-09-27T08:57Z,2026-09-27T08:50Z,3091,92,7,4,17,15,2677
2026-09-27T08:58Z,2026-09-27T08:50Z,3091,92,7,4,17,15,2677
2026-09-27T09:27Z,2026-09-27T09:20Z,2963,96,7,4,17,15,2677
2026-09-27T14:05Z,2026-09-27T14:00Z,8489,10,7,5,12,15,4167
2026-09-27T18:29Z,2026-09-27T18:20Z,5159,324,10,3,7,15,4167
2026-09-27T23:06Z,2026-09-27T23:00Z,952,304,15,0,8,15,4188
2026-09-28T04:46Z,2026-09-28T04:40Z,1592,340,17,1,17,15,
2026-09-28T04:54Z,2026-09-28T04:50Z,1592,339,17,1,17,15,
2026-09-28T05:15Z,2026-09-28T05:10Z,5486,341,19,6,17,15,
2026-09-28T05:21Z,2026-09-28T05:20Z,5697,340,18,8,17,15,
2026-09-28T05:29Z,2026-09-28T05:20Z,5697,340,18,8,17,15,
2026-09-28T14:04Z,2026-09-28T14:00Z,7545,84,17,4,12,15,4372
