build_utc,river,place,lat,lon,q_now_m3s,pct_of_median,date,q_forecast_from_date
2026-09-25T15:54Z,Indus,Leh,34.13,77.45,280.19,158,2026-09-25,"[280.19, 268.77, 257.82, 249.03, 242.22, 235.05, 227.56]"
2026-09-25T15:54Z,Indus,Skardu,35.48,75.4,1255.03,132,2026-09-25,"[1255.03, 1217.99, 1184.77, 1147.15, 1113.29, 1082.93, 1053.39]"
2026-09-25T15:54Z,Jhelum,Srinagar,34.23,74.65,228.61,89,2026-09-25,"[228.61, 224.94, 220.31, 216.27, 212.3, 207.93, 203.17]"
2026-09-25T15:54Z,Chenab,Akhnoor,32.815,74.59,478.73,84,2026-09-25,"[478.73, 471.06, 460.32, 450.86, 442.61, 431.51, 421.67]"
2026-09-25T15:54Z,Sutlej,Rampur,31.375,77.48,244.47,111,2026-09-25,"[244.47, 240.55, 237.23, 237.78, 238.33, 235.05, 230.21]"
2026-09-25T15:54Z,Beas,Mandi,31.785,76.855,321.85,91,2026-09-25,"[321.85, 316.69, 310.89, 305.9, 303.09, 298.92, 293.44]"
2026-09-25T15:54Z,Yamuna,Dakpathar,30.425,77.65,442.61,109,2026-09-25,"[442.61, 424.6, 413.95, 427.55, 439.55, 429.53, 412.05]"
2026-09-25T15:54Z,Ganga,Rishikesh,29.95,78.15,960.61,106,2026-09-25,"[960.61, 925.83, 936.56, 1027.02, 1115.86, 1108.18, 1063.14]"
2026-09-25T15:54Z,Alaknanda,Srinagar (Garhwal),30.22,78.63,495.59,110,2026-09-25,"[495.59, 478.73, 468.89, 513.04, 556.19, 549.81, 529.88]"
2026-09-25T15:54Z,Kali / Sharda,Tanakpur,28.92,79.96,947.42,90,2026-09-25,"[947.42, 919.45, 1287.25, 1366.73, 1385.76, 1326.39, 1246.38]"
2026-09-25T15:54Z,Karnali,Chisapani,28.565,81.215,2408.91,94,2026-09-25,"[2408.91, 3302.7, 5235.01, 4987.84, 4225.69, 3757.37, 3458.39]"
2026-09-25T15:54Z,Narayani / Gandaki,Narayanghat,27.7,84.355,3205.27,105,2026-09-25,"[3205.27, 4741.42, 6279.59, 6024.6, 5068.91, 4404.55, 4007.67]"
2026-09-25T15:54Z,Koshi,Chatara,26.795,87.085,4612.18,132,2026-09-25,"[4612.18, 5210.95, 4486.45, 3862.67, 3514.6, 3287.52, 3103.56]"
2026-09-25T15:54Z,Teesta,Sevoke,26.75,88.545,1065.6,121,2026-09-25,"[1065.6, 1347.96, 1190.24, 1041.32, 921.57, 821.24, 738.61]"
2026-09-25T15:54Z,Siang / Brahmaputra,Pasighat,28.06,95.33,5127.61,91,2026-09-25,"[5127.61, 5022.43, 4807.39, 4601.57, 4424.88, 4245.2, 4101.04]"
2026-09-25T16:00Z,Indus,Leh,34.13,77.45,280.19,158,2026-09-25,"[280.19, 268.77, 257.82, 249.03, 242.22, 235.05, 227.56]"
2026-09-25T16:00Z,Indus,Skardu,35.48,75.4,1255.03,132,2026-09-25,"[1255.03, 1217.99, 1184.77, 1147.15, 1113.29, 1082.93, 1053.39]"
2026-09-25T16:00Z,Jhelum,Srinagar,34.23,74.65,228.61,89,2026-09-25,"[228.61, 224.94, 220.31, 216.27, 212.3, 207.93, 203.17]"
2026-09-25T16:00Z,Chenab,Akhnoor,32.815,74.59,478.73,84,2026-09-25,"[478.73, 471.06, 460.32, 450.86, 442.61, 431.51, 421.67]"
2026-09-25T16:00Z,Sutlej,Rampur,31.375,77.48,244.47,111,2026-09-25,"[244.47, 240.55, 237.23, 237.78, 238.33, 235.05, 230.21]"
2026-09-25T16:00Z,Beas,Mandi,31.785,76.855,321.85,91,2026-09-25,"[321.85, 316.69, 310.89, 305.9, 303.09, 298.92, 293.44]"
2026-09-25T16:00Z,Yamuna,Dakpathar,30.425,77.65,442.61,109,2026-09-25,"[442.61, 424.6, 413.95, 427.55, 439.55, 429.53, 412.05]"
2026-09-25T16:00Z,Ganga,Rishikesh,29.95,78.15,960.61,106,2026-09-25,"[960.61, 925.83, 936.56, 1027.02, 1115.86, 1108.18, 1063.14]"
2026-09-25T16:00Z,Alaknanda,Srinagar (Garhwal),30.22,78.63,495.59,110,2026-09-25,"[495.59, 478.73, 468.89, 513.04, 556.19, 549.81, 529.88]"
2026-09-25T16:00Z,Kali / Sharda,Tanakpur,28.92,79.96,947.42,90,2026-09-25,"[947.42, 919.45, 1287.25, 1366.73, 1385.76, 1326.39, 1246.38]"
2026-09-25T16:00Z,Karnali,Chisapani,28.565,81.215,2408.91,94,2026-09-25,"[2408.91, 3302.7, 5235.01, 4987.84, 4225.69, 3757.37, 3458.39]"
2026-09-25T16:00Z,Narayani / Gandaki,Narayanghat,27.7,84.355,3205.27,105,2026-09-25,"[3205.27, 4741.42, 6279.59, 6024.6, 5068.91, 4404.55, 4007.67]"
2026-09-25T16:00Z,Koshi,Chatara,26.795,87.085,4612.18,132,2026-09-25,"[4612.18, 5210.95, 4486.45, 3862.67, 3514.6, 3287.52, 3103.56]"
2026-09-25T16:00Z,Teesta,Sevoke,26.75,88.545,1065.6,121,2026-09-25,"[1065.6, 1347.96, 1190.24, 1041.32, 921.57, 821.24, 738.61]"
2026-09-25T16:00Z,Siang / Brahmaputra,Pasighat,28.06,95.33,5127.61,91,2026-09-25,"[5127.61, 5022.43, 4807.39, 4601.57, 4424.88, 4245.2, 4101.04]"
2026-09-25T20:03Z,Indus,Leh,34.13,77.45,280.19,158,2026-09-25,"[280.19, 268.77, 257.82, 249.03, 242.22, 235.05, 227.56]"
2026-09-25T20:03Z,Indus,Skardu,35.48,75.4,1255.03,132,2026-09-25,"[1255.03, 1217.99, 1184.77, 1147.15, 1113.29, 1082.93, 1053.39]"
2026-09-25T20:03Z,Jhelum,Srinagar,34.23,74.65,228.61,89,2026-09-25,"[228.61, 224.94, 220.31, 216.27, 212.3, 207.93, 203.17]"
2026-09-25T20:03Z,Chenab,Akhnoor,32.815,74.59,478.73,84,2026-09-25,"[478.73, 471.06, 460.32, 450.86, 442.61, 431.51, 421.67]"
2026-09-25T20:03Z,Sutlej,Rampur,31.375,77.48,244.47,111,2026-09-25,"[244.47, 240.55, 237.23, 237.78, 238.33, 235.05, 230.21]"
2026-09-25T20:03Z,Beas,Mandi,31.785,76.855,321.85,91,2026-09-25,"[321.85, 316.69, 310.89, 305.9, 303.09, 298.92, 293.44]"
2026-09-25T20:03Z,Yamuna,Dakpathar,30.425,77.65,442.61,109,2026-09-25,"[442.61, 424.6, 413.95, 427.55, 439.55, 429.53, 412.05]"
2026-09-25T20:03Z,Ganga,Rishikesh,29.95,78.15,960.61,106,2026-09-25,"[960.61, 925.83, 936.56, 1027.02, 1115.86, 1108.18, 1063.14]"
2026-09-25T20:03Z,Alaknanda,Srinagar (Garhwal),30.22,78.63,495.59,110,2026-09-25,"[495.59, 478.73, 468.89, 513.04, 556.19, 549.81, 529.88]"
2026-09-25T20:03Z,Kali / Sharda,Tanakpur,28.92,79.96,947.42,90,2026-09-25,"[947.42, 919.45, 1287.25, 1366.73, 1385.76, 1326.39, 1246.38]"
2026-09-25T20:03Z,Karnali,Chisapani,28.565,81.215,2408.91,94,2026-09-25,"[2408.91, 3302.7, 5235.01, 4987.84, 4225.69, 3757.37, 3458.39]"
2026-09-25T20:03Z,Narayani / Gandaki,Narayanghat,27.7,84.355,3205.27,105,2026-09-25,"[3205.27, 4741.42, 6279.59, 6024.6, 5068.91, 4404.55, 4007.67]"
2026-09-25T20:03Z,Koshi,Chatara,26.795,87.085,4612.18,132,2026-09-25,"[4612.18, 5210.95, 4486.45, 3862.67, 3514.6, 3287.52, 3103.56]"
2026-09-25T20:03Z,Teesta,Sevoke,26.75,88.545,1065.6,121,2026-09-25,"[1065.6, 1347.96, 1190.24, 1041.32, 921.57, 821.24, 738.61]"
2026-09-25T20:03Z,Siang / Brahmaputra,Pasighat,28.06,95.33,5127.61,91,2026-09-25,"[5127.61, 5022.43, 4807.39, 4601.57, 4424.88, 4245.2, 4101.04]"
2026-09-25T23:20Z,Indus,Leh,34.13,77.45,280.19,158,2026-09-25,"[280.19, 268.77, 257.82, 249.03, 242.22, 235.05, 227.56]"
2026-09-25T23:20Z,Indus,Skardu,35.48,75.4,1255.03,132,2026-09-25,"[1255.03, 1217.99, 1184.77, 1147.15, 1113.29, 1082.93, 1053.39]"
2026-09-25T23:20Z,Jhelum,Srinagar,34.23,74.65,228.61,89,2026-09-25,"[228.61, 224.94, 220.31, 216.27, 212.3, 207.93, 203.17]"
2026-09-25T23:20Z,Chenab,Akhnoor,32.815,74.59,478.73,84,2026-09-25,"[478.73, 471.06, 460.32, 450.86, 442.61, 431.51, 421.67]"
2026-09-25T23:20Z,Sutlej,Rampur,31.375,77.48,244.47,111,2026-09-25,"[244.47, 240.55, 237.23, 237.78, 238.33, 235.05, 230.21]"
2026-09-25T23:20Z,Beas,Mandi,31.785,76.855,321.85,91,2026-09-25,"[321.85, 316.69, 310.89, 305.9, 303.09, 298.92, 293.44]"
2026-09-25T23:20Z,Yamuna,Dakpathar,30.425,77.65,442.61,109,2026-09-25,"[442.61, 424.6, 413.95, 427.55, 439.55, 429.53, 412.05]"
2026-09-25T23:20Z,Ganga,Rishikesh,29.95,78.15,960.61,106,2026-09-25,"[960.61, 925.83, 936.56, 1027.02, 1115.86, 1108.18, 1063.14]"
2026-09-25T23:20Z,Alaknanda,Srinagar (Garhwal),30.22,78.63,495.59,110,2026-09-25,"[495.59, 478.73, 468.89, 513.04, 556.19, 549.81, 529.88]"
2026-09-25T23:20Z,Kali / Sharda,Tanakpur,28.92,79.96,947.42,90,2026-09-25,"[947.42, 919.45, 1287.25, 1366.73, 1385.76, 1326.39, 1246.38]"
2026-09-25T23:20Z,Karnali,Chisapani,28.565,81.215,2408.91,94,2026-09-25,"[2408.91, 3302.7, 5235.01, 4987.84, 4225.69, 3757.37, 3458.39]"
2026-09-25T23:20Z,Narayani / Gandaki,Narayanghat,27.7,84.355,3205.27,105,2026-09-25,"[3205.27, 4741.42, 6279.59, 6024.6, 5068.91, 4404.55, 4007.67]"
2026-09-25T23:20Z,Koshi,Chatara,26.795,87.085,4612.18,132,2026-09-25,"[4612.18, 5210.95, 4486.45, 3862.67, 3514.6, 3287.52, 3103.56]"
2026-09-25T23:20Z,Teesta,Sevoke,26.75,88.545,1065.6,121,2026-09-25,"[1065.6, 1347.96, 1190.24, 1041.32, 921.57, 821.24, 738.61]"
2026-09-25T23:20Z,Siang / Brahmaputra,Pasighat,28.06,95.33,5127.61,91,2026-09-25,"[5127.61, 5022.43, 4807.39, 4601.57, 4424.88, 4245.2, 4101.04]"
2026-09-26T05:05Z,Indus,Leh,34.13,77.45,268.77,154,2026-09-26,"[268.77, 257.82, 249.03, 242.22, 235.05, 227.56, 219.8]"
2026-09-26T05:05Z,Indus,Skardu,35.48,75.4,1217.99,132,2026-09-26,"[1217.99, 1184.77, 1147.15, 1113.29, 1082.93, 1053.39, 1022.29]"
2026-09-26T05:05Z,Jhelum,Srinagar,34.23,74.65,224.94,89,2026-09-26,"[224.94, 220.31, 216.27, 212.3, 207.93, 203.17, 198.99]"
2026-09-26T05:05Z,Chenab,Akhnoor,32.815,74.59,471.06,84,2026-09-26,"[471.06, 460.32, 450.86, 442.61, 431.51, 421.67, 412.05]"
2026-09-26T05:05Z,Sutlej,Rampur,31.375,77.48,240.55,111,2026-09-26,"[240.55, 237.23, 237.78, 238.33, 235.05, 230.21, 225.46]"
2026-09-26T05:05Z,Beas,Mandi,31.785,76.855,316.69,90,2026-09-26,"[316.69, 310.89, 305.9, 303.09, 298.92, 293.44, 288.07]"
2026-09-26T05:05Z,Yamuna,Dakpathar,30.425,77.65,424.6,108,2026-09-26,"[424.6, 413.95, 427.55, 439.55, 429.53, 412.05, 394.37]"
2026-09-26T05:05Z,Ganga,Rishikesh,29.95,78.15,925.83,105,2026-09-26,"[925.83, 936.56, 1027.02, 1115.86, 1108.18, 1063.14, 1017.59]"
2026-09-26T05:05Z,Alaknanda,Srinagar (Garhwal),30.22,78.63,478.73,110,2026-09-26,"[478.73, 468.89, 513.04, 556.19, 549.81, 529.88, 509.5]"
2026-09-26T05:05Z,Kali / Sharda,Tanakpur,28.92,79.96,919.45,89,2026-09-26,"[919.45, 1287.25, 1366.73, 1385.76, 1326.39, 1246.38, 1182.04]"
2026-09-26T05:05Z,Karnali,Chisapani,28.565,81.215,3302.7,132,2026-09-26,"[3302.7, 5235.01, 4987.84, 4225.69, 3757.37, 3458.39, 3249.87]"
2026-09-26T05:05Z,Narayani / Gandaki,Narayanghat,27.7,84.355,4741.42,159,2026-09-26,"[4741.42, 6279.59, 6024.6, 5068.91, 4404.55, 4007.67, 3740.11]"
2026-09-26T05:05Z,Koshi,Chatara,26.795,87.085,5210.95,152,2026-09-26,"[5210.95, 4486.45, 3862.67, 3514.6, 3287.52, 3103.56, 2963.83]"
2026-09-26T05:05Z,Teesta,Sevoke,26.75,88.545,1347.96,156,2026-09-26,"[1347.96, 1190.24, 1041.32, 921.57, 821.24, 738.61, 673.53]"
2026-09-26T05:05Z,Siang / Brahmaputra,Pasighat,28.06,95.33,5022.43,90,2026-09-26,"[5022.43, 4807.39, 4601.57, 4424.88, 4245.2, 4101.04, 3989.25]"
2026-09-26T13:08Z,Indus,Leh,34.13,77.45,268.77,154,2026-09-26,"[268.77, 257.82, 248.46, 240.55, 232.35, 224.94, 217.78]"
2026-09-26T13:08Z,Indus,Skardu,35.48,75.4,1217.99,132,2026-09-26,"[1217.99, 1187.5, 1149.8, 1113.29, 1077.95, 1048.54, 1019.94]"
2026-09-26T13:08Z,Jhelum,Srinagar,34.23,74.65,224.94,89,2026-09-26,"[224.94, 221.84, 217.27, 212.8, 208.41, 204.12, 199.91]"
2026-09-26T13:08Z,Chenab,Akhnoor,32.815,74.59,471.06,84,2026-09-26,"[471.06, 459.26, 449.82, 440.57, 430.52, 419.73, 411.1]"
2026-09-26T13:08Z,Sutlej,Rampur,31.375,77.48,240.55,111,2026-09-26,"[240.55, 237.78, 238.88, 239.44, 237.23, 231.81, 227.03]"
2026-09-26T13:08Z,Beas,Mandi,31.785,76.855,316.69,90,2026-09-26,"[316.69, 310.89, 305.2, 302.39, 297.54, 292.76, 287.4]"
2026-09-26T13:08Z,Yamuna,Dakpathar,30.425,77.65,424.6,108,2026-09-26,"[424.6, 419.73, 447.75, 464.59, 458.2, 439.55, 419.73]"
2026-09-26T13:08Z,Ganga,Rishikesh,29.95,78.15,925.83,105,2026-09-26,"[925.83, 951.8, 1041.32, 1134.01, 1128.8, 1082.93, 1038.92]"
2026-09-26T13:08Z,Alaknanda,Srinagar (Garhwal),30.22,78.63,478.73,110,2026-09-26,"[478.73, 469.98, 513.04, 557.47, 553.63, 533.56, 514.23]"
2026-09-26T13:08Z,Kali / Sharda,Tanakpur,28.92,79.96,919.45,89,2026-09-26,"[919.45, 1168.5, 1299.17, 1360.44, 1314.22, 1243.51, 1182.04]"
2026-09-26T13:08Z,Karnali,Chisapani,28.565,81.215,3302.7,132,2026-09-26,"[3302.7, 5235.01, 5045.61, 4225.69, 3722.92, 3426.68, 3212.66]"
2026-09-26T13:08Z,Narayani / Gandaki,Narayanghat,27.7,84.355,4741.42,159,2026-09-26,"[4741.42, 6806.69, 6323.12, 5198.96, 4559.37, 4167.69, 3889.45]"
2026-09-26T13:08Z,Koshi,Chatara,26.795,87.085,5210.95,152,2026-09-26,"[5210.95, 4829.59, 4110.5, 3680.29, 3410.93, 3212.66, 3060.96]"
2026-09-26T13:08Z,Teesta,Sevoke,26.75,88.545,1347.96,156,2026-09-26,"[1347.96, 1204.04, 1043.72, 923.7, 823.14, 738.61, 670.43]"
2026-09-26T13:08Z,Siang / Brahmaputra,Pasighat,28.06,95.33,5022.43,90,2026-09-26,"[5022.43, 4796.33, 4633.47, 4476.13, 4324.14, 4186.94, 4091.61]"
2026-09-26T16:28Z,Indus,Leh,34.13,77.45,268.77,154,2026-09-26,"[268.77, 257.82, 248.46, 240.55, 232.35, 224.94, 217.78]"
2026-09-26T16:28Z,Indus,Skardu,35.48,75.4,1217.99,132,2026-09-26,"[1217.99, 1187.5, 1149.8, 1113.29, 1077.95, 1048.54, 1019.94]"
2026-09-26T16:28Z,Jhelum,Srinagar,34.23,74.65,224.94,89,2026-09-26,"[224.94, 221.84, 217.27, 212.8, 208.41, 204.12, 199.91]"
2026-09-26T16:28Z,Chenab,Akhnoor,32.815,74.59,471.06,84,2026-09-26,"[471.06, 459.26, 449.82, 440.57, 430.52, 419.73, 411.1]"
2026-09-26T16:28Z,Sutlej,Rampur,31.375,77.48,240.55,111,2026-09-26,"[240.55, 237.78, 238.88, 239.44, 237.23, 231.81, 227.03]"
2026-09-26T16:28Z,Beas,Mandi,31.785,76.855,316.69,90,2026-09-26,"[316.69, 310.89, 305.2, 302.39, 297.54, 292.76, 287.4]"
2026-09-26T16:28Z,Yamuna,Dakpathar,30.425,77.65,424.6,108,2026-09-26,"[424.6, 419.73, 447.75, 464.59, 458.2, 439.55, 419.73]"
2026-09-26T16:28Z,Ganga,Rishikesh,29.95,78.15,925.83,105,2026-09-26,"[925.83, 951.8, 1041.32, 1134.01, 1128.8, 1082.93, 1038.92]"
2026-09-26T16:28Z,Alaknanda,Srinagar (Garhwal),30.22,78.63,478.73,110,2026-09-26,"[478.73, 469.98, 513.04, 557.47, 553.63, 533.56, 514.23]"
2026-09-26T16:28Z,Kali / Sharda,Tanakpur,28.92,79.96,919.45,89,2026-09-26,"[919.45, 1168.5, 1299.17, 1360.44, 1314.22, 1243.51, 1182.04]"
2026-09-26T16:28Z,Karnali,Chisapani,28.565,81.215,3302.7,132,2026-09-26,"[3302.7, 5235.01, 5045.61, 4225.69, 3722.92, 3426.68, 3212.66]"
2026-09-26T16:28Z,Narayani / Gandaki,Narayanghat,27.7,84.355,4741.42,159,2026-09-26,"[4741.42, 6806.69, 6323.12, 5198.96, 4559.37, 4167.69, 3889.45]"
2026-09-26T16:28Z,Koshi,Chatara,26.795,87.085,5210.95,152,2026-09-26,"[5210.95, 4829.59, 4110.5, 3680.29, 3410.93, 3212.66, 3060.96]"
2026-09-26T16:28Z,Teesta,Sevoke,26.75,88.545,1347.96,156,2026-09-26,"[1347.96, 1204.04, 1043.72, 923.7, 823.14, 738.61, 670.43]"
2026-09-26T16:28Z,Siang / Brahmaputra,Pasighat,28.06,95.33,5022.43,90,2026-09-26,"[5022.43, 4796.33, 4633.47, 4476.13, 4324.14, 4186.94, 4091.61]"
2026-09-26T21:14Z,Indus,Leh,34.13,77.45,268.77,154,2026-09-26,"[268.77, 257.82, 248.46, 240.55, 232.35, 224.94, 217.78]"
2026-09-26T21:14Z,Indus,Skardu,35.48,75.4,1217.99,132,2026-09-26,"[1217.99, 1187.5, 1149.8, 1113.29, 1077.95, 1048.54, 1019.94]"
2026-09-26T21:14Z,Jhelum,Srinagar,34.23,74.65,224.94,89,2026-09-26,"[224.94, 221.84, 217.27, 212.8, 208.41, 204.12, 199.91]"
2026-09-26T21:14Z,Chenab,Akhnoor,32.815,74.59,471.06,84,2026-09-26,"[471.06, 459.26, 449.82, 440.57, 430.52, 419.73, 411.1]"
2026-09-26T21:14Z,Sutlej,Rampur,31.375,77.48,240.55,111,2026-09-26,"[240.55, 237.78, 238.88, 239.44, 237.23, 231.81, 227.03]"
2026-09-26T21:14Z,Beas,Mandi,31.785,76.855,316.69,90,2026-09-26,"[316.69, 310.89, 305.2, 302.39, 297.54, 292.76, 287.4]"
2026-09-26T21:14Z,Yamuna,Dakpathar,30.425,77.65,424.6,108,2026-09-26,"[424.6, 419.73, 447.75, 464.59, 458.2, 439.55, 419.73]"
2026-09-26T21:14Z,Ganga,Rishikesh,29.95,78.15,925.83,105,2026-09-26,"[925.83, 951.8, 1041.32, 1134.01, 1128.8, 1082.93, 1038.92]"
2026-09-26T21:14Z,Alaknanda,Srinagar (Garhwal),30.22,78.63,478.73,110,2026-09-26,"[478.73, 469.98, 513.04, 557.47, 553.63, 533.56, 514.23]"
2026-09-26T21:14Z,Kali / Sharda,Tanakpur,28.92,79.96,919.45,89,2026-09-26,"[919.45, 1168.5, 1299.17, 1360.44, 1314.22, 1243.51, 1182.04]"
2026-09-26T21:14Z,Karnali,Chisapani,28.565,81.215,3302.7,132,2026-09-26,"[3302.7, 5235.01, 5045.61, 4225.69, 3722.92, 3426.68, 3212.66]"
2026-09-26T21:14Z,Narayani / Gandaki,Narayanghat,27.7,84.355,4741.42,159,2026-09-26,"[4741.42, 6806.69, 6323.12, 5198.96, 4559.37, 4167.69, 3889.45]"
2026-09-26T21:14Z,Koshi,Chatara,26.795,87.085,5210.95,152,2026-09-26,"[5210.95, 4829.59, 4110.5, 3680.29, 3410.93, 3212.66, 3060.96]"
2026-09-26T21:14Z,Teesta,Sevoke,26.75,88.545,1347.96,156,2026-09-26,"[1347.96, 1204.04, 1043.72, 923.7, 823.14, 738.61, 670.43]"
2026-09-26T21:14Z,Siang / Brahmaputra,Pasighat,28.06,95.33,5022.43,90,2026-09-26,"[5022.43, 4796.33, 4633.47, 4476.13, 4324.14, 4186.94, 4091.61]"
2026-09-27T07:42Z,Indus,Leh,34.13,77.45,257.82,150,2026-09-27,"[257.82, 248.46, 240.55, 232.35, 224.94, 217.78, 210.35]"
2026-09-27T07:42Z,Indus,Skardu,35.48,75.4,1187.5,130,2026-09-27,"[1187.5, 1149.8, 1113.29, 1077.95, 1048.54, 1019.94, 989.83]"
2026-09-27T07:42Z,Jhelum,Srinagar,34.23,74.65,221.84,89,2026-09-27,"[221.84, 217.27, 212.8, 208.41, 204.12, 199.91, 195.79]"
2026-09-27T07:42Z,Chenab,Akhnoor,32.815,74.59,459.26,83,2026-09-27,"[459.26, 449.82, 440.57, 430.52, 419.73, 411.1, 401.72]"
2026-09-27T07:42Z,Sutlej,Rampur,31.375,77.48,237.78,112,2026-09-27,"[237.78, 238.88, 239.44, 237.23, 231.81, 227.03, 222.87]"
2026-09-27T07:42Z,Beas,Mandi,31.785,76.855,310.89,90,2026-09-27,"[310.89, 305.2, 302.39, 297.54, 292.76, 287.4, 282.14]"
2026-09-27T07:42Z,Yamuna,Dakpathar,30.425,77.65,419.73,108,2026-09-27,"[419.73, 447.75, 464.59, 458.2, 439.55, 419.73, 401.72]"
2026-09-27T07:42Z,Ganga,Rishikesh,29.95,78.15,951.8,112,2026-09-27,"[951.8, 1041.32, 1134.01, 1128.8, 1082.93, 1038.92, 999.0]"
2026-09-27T07:42Z,Alaknanda,Srinagar (Garhwal),30.22,78.63,469.98,111,2026-09-27,"[469.98, 513.04, 557.47, 553.63, 533.56, 514.23, 494.45]"
2026-09-27T07:42Z,Kali / Sharda,Tanakpur,28.92,79.96,1168.5,116,2026-09-27,"[1168.5, 1299.17, 1360.44, 1314.22, 1243.51, 1182.04, 1126.2]"
2026-09-27T07:42Z,Karnali,Chisapani,28.565,81.215,5235.01,215,2026-09-27,"[5235.01, 5045.61, 4225.69, 3722.92, 3426.68, 3212.66, 3039.89]"
2026-09-27T07:42Z,Narayani / Gandaki,Narayanghat,27.7,84.355,6806.69,232,2026-09-27,"[6806.69, 6323.12, 5198.96, 4559.37, 4167.69, 3889.45, 3671.82]"
2026-09-27T07:42Z,Koshi,Chatara,26.795,87.085,4829.59,145,2026-09-27,"[4829.59, 4110.5, 3680.29, 3410.93, 3212.66, 3060.96, 2936.65]"
2026-09-27T07:42Z,Teesta,Sevoke,26.75,88.545,1204.04,142,2026-09-27,"[1204.04, 1043.72, 923.7, 823.14, 738.61, 670.43, 622.73]"
2026-09-27T07:42Z,Siang / Brahmaputra,Pasighat,28.06,95.33,4796.33,86,2026-09-27,"[4796.33, 4633.47, 4476.13, 4324.14, 4186.94, 4091.61, 3980.07]"
2026-09-27T07:58Z,Indus,Leh,34.13,77.45,257.82,150,2026-09-27,"[257.82, 248.46, 240.55, 232.35, 224.94, 217.78, 210.35]"
2026-09-27T07:58Z,Indus,Skardu,35.48,75.4,1187.5,130,2026-09-27,"[1187.5, 1149.8, 1113.29, 1077.95, 1048.54, 1019.94, 989.83]"
2026-09-27T07:58Z,Jhelum,Srinagar,34.23,74.65,221.84,89,2026-09-27,"[221.84, 217.27, 212.8, 208.41, 204.12, 199.91, 195.79]"
2026-09-27T07:58Z,Chenab,Akhnoor,32.815,74.59,459.26,83,2026-09-27,"[459.26, 449.82, 440.57, 430.52, 419.73, 411.1, 401.72]"
2026-09-27T07:58Z,Sutlej,Rampur,31.375,77.48,237.78,112,2026-09-27,"[237.78, 238.88, 239.44, 237.23, 231.81, 227.03, 222.87]"
2026-09-27T07:58Z,Beas,Mandi,31.785,76.855,310.89,90,2026-09-27,"[310.89, 305.2, 302.39, 297.54, 292.76, 287.4, 282.14]"
2026-09-27T07:58Z,Yamuna,Dakpathar,30.425,77.65,419.73,108,2026-09-27,"[419.73, 447.75, 464.59, 458.2, 439.55, 419.73, 401.72]"
2026-09-27T07:58Z,Ganga,Rishikesh,29.95,78.15,951.8,112,2026-09-27,"[951.8, 1041.32, 1134.01, 1128.8, 1082.93, 1038.92, 999.0]"
2026-09-27T07:58Z,Alaknanda,Srinagar (Garhwal),30.22,78.63,469.98,111,2026-09-27,"[469.98, 513.04, 557.47, 553.63, 533.56, 514.23, 494.45]"
2026-09-27T07:58Z,Kali / Sharda,Tanakpur,28.92,79.96,1168.5,116,2026-09-27,"[1168.5, 1299.17, 1360.44, 1314.22, 1243.51, 1182.04, 1126.2]"
2026-09-27T07:58Z,Karnali,Chisapani,28.565,81.215,5235.01,215,2026-09-27,"[5235.01, 5045.61, 4225.69, 3722.92, 3426.68, 3212.66, 3039.89]"
2026-09-27T07:58Z,Narayani / Gandaki,Narayanghat,27.7,84.355,6806.69,232,2026-09-27,"[6806.69, 6323.12, 5198.96, 4559.37, 4167.69, 3889.45, 3671.82]"
2026-09-27T07:58Z,Koshi,Chatara,26.795,87.085,4829.59,145,2026-09-27,"[4829.59, 4110.5, 3680.29, 3410.93, 3212.66, 3060.96, 2936.65]"
2026-09-27T07:58Z,Teesta,Sevoke,26.75,88.545,1204.04,142,2026-09-27,"[1204.04, 1043.72, 923.7, 823.14, 738.61, 670.43, 622.73]"
2026-09-27T07:58Z,Siang / Brahmaputra,Pasighat,28.06,95.33,4796.33,86,2026-09-27,"[4796.33, 4633.47, 4476.13, 4324.14, 4186.94, 4091.61, 3980.07]"
2026-09-27T08:04Z,Indus,Leh,34.13,77.45,257.82,150,2026-09-27,"[257.82, 248.46, 240.55, 232.35, 224.94, 217.78, 210.35]"
2026-09-27T08:04Z,Indus,Skardu,35.48,75.4,1187.5,130,2026-09-27,"[1187.5, 1149.8, 1113.29, 1077.95, 1048.54, 1019.94, 989.83]"
2026-09-27T08:04Z,Jhelum,Srinagar,34.23,74.65,221.84,89,2026-09-27,"[221.84, 217.27, 212.8, 208.41, 204.12, 199.91, 195.79]"
2026-09-27T08:04Z,Chenab,Akhnoor,32.815,74.59,459.26,83,2026-09-27,"[459.26, 449.82, 440.57, 430.52, 419.73, 411.1, 401.72]"
2026-09-27T08:04Z,Sutlej,Rampur,31.375,77.48,237.78,112,2026-09-27,"[237.78, 238.88, 239.44, 237.23, 231.81, 227.03, 222.87]"
2026-09-27T08:04Z,Beas,Mandi,31.785,76.855,310.89,90,2026-09-27,"[310.89, 305.2, 302.39, 297.54, 292.76, 287.4, 282.14]"
2026-09-27T08:04Z,Yamuna,Dakpathar,30.425,77.65,419.73,108,2026-09-27,"[419.73, 447.75, 464.59, 458.2, 439.55, 419.73, 401.72]"
2026-09-27T08:04Z,Ganga,Rishikesh,29.95,78.15,951.8,112,2026-09-27,"[951.8, 1041.32, 1134.01, 1128.8, 1082.93, 1038.92, 999.0]"
2026-09-27T08:04Z,Alaknanda,Srinagar (Garhwal),30.22,78.63,469.98,111,2026-09-27,"[469.98, 513.04, 557.47, 553.63, 533.56, 514.23, 494.45]"
2026-09-27T08:04Z,Kali / Sharda,Tanakpur,28.92,79.96,1168.5,116,2026-09-27,"[1168.5, 1299.17, 1360.44, 1314.22, 1243.51, 1182.04, 1126.2]"
2026-09-27T08:04Z,Karnali,Chisapani,28.565,81.215,5235.01,215,2026-09-27,"[5235.01, 5045.61, 4225.69, 3722.92, 3426.68, 3212.66, 3039.89]"
2026-09-27T08:04Z,Narayani / Gandaki,Narayanghat,27.7,84.355,6806.69,232,2026-09-27,"[6806.69, 6323.12, 5198.96, 4559.37, 4167.69, 3889.45, 3671.82]"
2026-09-27T08:04Z,Koshi,Chatara,26.795,87.085,4829.59,145,2026-09-27,"[4829.59, 4110.5, 3680.29, 3410.93, 3212.66, 3060.96, 2936.65]"
2026-09-27T08:04Z,Teesta,Sevoke,26.75,88.545,1204.04,142,2026-09-27,"[1204.04, 1043.72, 923.7, 823.14, 738.61, 670.43, 622.73]"
2026-09-27T08:04Z,Siang / Brahmaputra,Pasighat,28.06,95.33,4796.33,86,2026-09-27,"[4796.33, 4633.47, 4476.13, 4324.14, 4186.94, 4091.61, 3980.07]"
2026-09-27T08:08Z,Indus,Leh,34.13,77.45,257.82,150,2026-09-27,"[257.82, 248.46, 240.55, 232.35, 224.94, 217.78, 210.35]"
2026-09-27T08:08Z,Indus,Skardu,35.48,75.4,1187.5,130,2026-09-27,"[1187.5, 1149.8, 1113.29, 1077.95, 1048.54, 1019.94, 989.83]"
2026-09-27T08:08Z,Jhelum,Srinagar,34.23,74.65,221.84,89,2026-09-27,"[221.84, 217.27, 212.8, 208.41, 204.12, 199.91, 195.79]"
2026-09-27T08:08Z,Chenab,Akhnoor,32.815,74.59,459.26,83,2026-09-27,"[459.26, 449.82, 440.57, 430.52, 419.73, 411.1, 401.72]"
2026-09-27T08:08Z,Sutlej,Rampur,31.375,77.48,237.78,112,2026-09-27,"[237.78, 238.88, 239.44, 237.23, 231.81, 227.03, 222.87]"
2026-09-27T08:08Z,Beas,Mandi,31.785,76.855,310.89,90,2026-09-27,"[310.89, 305.2, 302.39, 297.54, 292.76, 287.4, 282.14]"
2026-09-27T08:08Z,Yamuna,Dakpathar,30.425,77.65,419.73,108,2026-09-27,"[419.73, 447.75, 464.59, 458.2, 439.55, 419.73, 401.72]"
2026-09-27T08:08Z,Ganga,Rishikesh,29.95,78.15,951.8,112,2026-09-27,"[951.8, 1041.32, 1134.01, 1128.8, 1082.93, 1038.92, 999.0]"
2026-09-27T08:08Z,Alaknanda,Srinagar (Garhwal),30.22,78.63,469.98,111,2026-09-27,"[469.98, 513.04, 557.47, 553.63, 533.56, 514.23, 494.45]"
2026-09-27T08:08Z,Kali / Sharda,Tanakpur,28.92,79.96,1168.5,116,2026-09-27,"[1168.5, 1299.17, 1360.44, 1314.22, 1243.51, 1182.04, 1126.2]"
2026-09-27T08:08Z,Karnali,Chisapani,28.565,81.215,5235.01,215,2026-09-27,"[5235.01, 5045.61, 4225.69, 3722.92, 3426.68, 3212.66, 3039.89]"
2026-09-27T08:08Z,Narayani / Gandaki,Narayanghat,27.7,84.355,6806.69,232,2026-09-27,"[6806.69, 6323.12, 5198.96, 4559.37, 4167.69, 3889.45, 3671.82]"
2026-09-27T08:08Z,Koshi,Chatara,26.795,87.085,4829.59,145,2026-09-27,"[4829.59, 4110.5, 3680.29, 3410.93, 3212.66, 3060.96, 2936.65]"
2026-09-27T08:08Z,Teesta,Sevoke,26.75,88.545,1204.04,142,2026-09-27,"[1204.04, 1043.72, 923.7, 823.14, 738.61, 670.43, 622.73]"
2026-09-27T08:08Z,Siang / Brahmaputra,Pasighat,28.06,95.33,4796.33,86,2026-09-27,"[4796.33, 4633.47, 4476.13, 4324.14, 4186.94, 4091.61, 3980.07]"
2026-09-27T08:16Z,Indus,Leh,34.13,77.45,257.82,150,2026-09-27,"[257.82, 248.46, 240.55, 232.35, 224.94, 217.78, 210.35]"
2026-09-27T08:16Z,Indus,Skardu,35.48,75.4,1187.5,130,2026-09-27,"[1187.5, 1149.8, 1113.29, 1077.95, 1048.54, 1019.94, 989.83]"
2026-09-27T08:16Z,Jhelum,Srinagar,34.23,74.65,221.84,89,2026-09-27,"[221.84, 217.27, 212.8, 208.41, 204.12, 199.91, 195.79]"
2026-09-27T08:16Z,Chenab,Akhnoor,32.815,74.59,459.26,83,2026-09-27,"[459.26, 449.82, 440.57, 430.52, 419.73, 411.1, 401.72]"
2026-09-27T08:16Z,Sutlej,Rampur,31.375,77.48,237.78,112,2026-09-27,"[237.78, 238.88, 239.44, 237.23, 231.81, 227.03, 222.87]"
2026-09-27T08:16Z,Beas,Mandi,31.785,76.855,310.89,90,2026-09-27,"[310.89, 305.2, 302.39, 297.54, 292.76, 287.4, 282.14]"
2026-09-27T08:16Z,Yamuna,Dakpathar,30.425,77.65,419.73,108,2026-09-27,"[419.73, 447.75, 464.59, 458.2, 439.55, 419.73, 401.72]"
2026-09-27T08:16Z,Ganga,Rishikesh,29.95,78.15,951.8,112,2026-09-27,"[951.8, 1041.32, 1134.01, 1128.8, 1082.93, 1038.92, 999.0]"
2026-09-27T08:16Z,Alaknanda,Srinagar (Garhwal),30.22,78.63,469.98,111,2026-09-27,"[469.98, 513.04, 557.47, 553.63, 533.56, 514.23, 494.45]"
2026-09-27T08:16Z,Kali / Sharda,Tanakpur,28.92,79.96,1168.5,116,2026-09-27,"[1168.5, 1299.17, 1360.44, 1314.22, 1243.51, 1182.04, 1126.2]"
2026-09-27T08:16Z,Karnali,Chisapani,28.565,81.215,5235.01,215,2026-09-27,"[5235.01, 5045.61, 4225.69, 3722.92, 3426.68, 3212.66, 3039.89]"
2026-09-27T08:16Z,Narayani / Gandaki,Narayanghat,27.7,84.355,6806.69,232,2026-09-27,"[6806.69, 6323.12, 5198.96, 4559.37, 4167.69, 3889.45, 3671.82]"
2026-09-27T08:16Z,Koshi,Chatara,26.795,87.085,4829.59,145,2026-09-27,"[4829.59, 4110.5, 3680.29, 3410.93, 3212.66, 3060.96, 2936.65]"
2026-09-27T08:16Z,Teesta,Sevoke,26.75,88.545,1204.04,142,2026-09-27,"[1204.04, 1043.72, 923.7, 823.14, 738.61, 670.43, 622.73]"
2026-09-27T08:16Z,Siang / Brahmaputra,Pasighat,28.06,95.33,4796.33,86,2026-09-27,"[4796.33, 4633.47, 4476.13, 4324.14, 4186.94, 4091.61, 3980.07]"
2026-09-27T08:57Z,Indus,Leh,34.13,77.45,257.82,150,2026-09-27,"[257.82, 248.46, 240.55, 232.35, 224.94, 217.78, 210.35]"
2026-09-27T08:57Z,Indus,Skardu,35.48,75.4,1187.5,130,2026-09-27,"[1187.5, 1149.8, 1113.29, 1077.95, 1048.54, 1019.94, 989.83]"
2026-09-27T08:57Z,Jhelum,Srinagar,34.23,74.65,221.84,89,2026-09-27,"[221.84, 217.27, 212.8, 208.41, 204.12, 199.91, 195.79]"
2026-09-27T08:57Z,Chenab,Akhnoor,32.815,74.59,459.26,83,2026-09-27,"[459.26, 449.82, 440.57, 430.52, 419.73, 411.1, 401.72]"
2026-09-27T08:57Z,Sutlej,Rampur,31.375,77.48,237.78,112,2026-09-27,"[237.78, 238.88, 239.44, 237.23, 231.81, 227.03, 222.87]"
2026-09-27T08:57Z,Beas,Mandi,31.785,76.855,310.89,90,2026-09-27,"[310.89, 305.2, 302.39, 297.54, 292.76, 287.4, 282.14]"
2026-09-27T08:57Z,Yamuna,Dakpathar,30.425,77.65,419.73,108,2026-09-27,"[419.73, 447.75, 464.59, 458.2, 439.55, 419.73, 401.72]"
2026-09-27T08:57Z,Ganga,Rishikesh,29.95,78.15,951.8,112,2026-09-27,"[951.8, 1041.32, 1134.01, 1128.8, 1082.93, 1038.92, 999.0]"
2026-09-27T08:57Z,Alaknanda,Srinagar (Garhwal),30.22,78.63,469.98,111,2026-09-27,"[469.98, 513.04, 557.47, 553.63, 533.56, 514.23, 494.45]"
2026-09-27T08:57Z,Kali / Sharda,Tanakpur,28.92,79.96,1168.5,116,2026-09-27,"[1168.5, 1299.17, 1360.44, 1314.22, 1243.51, 1182.04, 1126.2]"
2026-09-27T08:57Z,Karnali,Chisapani,28.565,81.215,5235.01,215,2026-09-27,"[5235.01, 5045.61, 4225.69, 3722.92, 3426.68, 3212.66, 3039.89]"
2026-09-27T08:57Z,Narayani / Gandaki,Narayanghat,27.7,84.355,6806.69,232,2026-09-27,"[6806.69, 6323.12, 5198.96, 4559.37, 4167.69, 3889.45, 3671.82]"
2026-09-27T08:57Z,Koshi,Chatara,26.795,87.085,4829.59,145,2026-09-27,"[4829.59, 4110.5, 3680.29, 3410.93, 3212.66, 3060.96, 2936.65]"
2026-09-27T08:57Z,Teesta,Sevoke,26.75,88.545,1204.04,142,2026-09-27,"[1204.04, 1043.72, 923.7, 823.14, 738.61, 670.43, 622.73]"
2026-09-27T08:57Z,Siang / Brahmaputra,Pasighat,28.06,95.33,4796.33,86,2026-09-27,"[4796.33, 4633.47, 4476.13, 4324.14, 4186.94, 4091.61, 3980.07]"
2026-09-27T08:58Z,Indus,Leh,34.13,77.45,257.82,150,2026-09-27,"[257.82, 248.46, 240.55, 232.35, 224.94, 217.78, 210.35]"
2026-09-27T08:58Z,Indus,Skardu,35.48,75.4,1187.5,130,2026-09-27,"[1187.5, 1149.8, 1113.29, 1077.95, 1048.54, 1019.94, 989.83]"
2026-09-27T08:58Z,Jhelum,Srinagar,34.23,74.65,221.84,89,2026-09-27,"[221.84, 217.27, 212.8, 208.41, 204.12, 199.91, 195.79]"
2026-09-27T08:58Z,Chenab,Akhnoor,32.815,74.59,459.26,83,2026-09-27,"[459.26, 449.82, 440.57, 430.52, 419.73, 411.1, 401.72]"
2026-09-27T08:58Z,Sutlej,Rampur,31.375,77.48,237.78,112,2026-09-27,"[237.78, 238.88, 239.44, 237.23, 231.81, 227.03, 222.87]"
2026-09-27T08:58Z,Beas,Mandi,31.785,76.855,310.89,90,2026-09-27,"[310.89, 305.2, 302.39, 297.54, 292.76, 287.4, 282.14]"
2026-09-27T08:58Z,Yamuna,Dakpathar,30.425,77.65,419.73,108,2026-09-27,"[419.73, 447.75, 464.59, 458.2, 439.55, 419.73, 401.72]"
2026-09-27T08:58Z,Ganga,Rishikesh,29.95,78.15,951.8,112,2026-09-27,"[951.8, 1041.32, 1134.01, 1128.8, 1082.93, 1038.92, 999.0]"
2026-09-27T08:58Z,Alaknanda,Srinagar (Garhwal),30.22,78.63,469.98,111,2026-09-27,"[469.98, 513.04, 557.47, 553.63, 533.56, 514.23, 494.45]"
2026-09-27T08:58Z,Kali / Sharda,Tanakpur,28.92,79.96,1168.5,116,2026-09-27,"[1168.5, 1299.17, 1360.44, 1314.22, 1243.51, 1182.04, 1126.2]"
2026-09-27T08:58Z,Karnali,Chisapani,28.565,81.215,5235.01,215,2026-09-27,"[5235.01, 5045.61, 4225.69, 3722.92, 3426.68, 3212.66, 3039.89]"
2026-09-27T08:58Z,Narayani / Gandaki,Narayanghat,27.7,84.355,6806.69,232,2026-09-27,"[6806.69, 6323.12, 5198.96, 4559.37, 4167.69, 3889.45, 3671.82]"
2026-09-27T08:58Z,Koshi,Chatara,26.795,87.085,4829.59,145,2026-09-27,"[4829.59, 4110.5, 3680.29, 3410.93, 3212.66, 3060.96, 2936.65]"
2026-09-27T08:58Z,Teesta,Sevoke,26.75,88.545,1204.04,142,2026-09-27,"[1204.04, 1043.72, 923.7, 823.14, 738.61, 670.43, 622.73]"
2026-09-27T08:58Z,Siang / Brahmaputra,Pasighat,28.06,95.33,4796.33,86,2026-09-27,"[4796.33, 4633.47, 4476.13, 4324.14, 4186.94, 4091.61, 3980.07]"
2026-09-27T09:27Z,Indus,Leh,34.13,77.45,257.82,150,2026-09-27,"[257.82, 248.46, 240.55, 232.35, 224.94, 217.78, 210.35]"
2026-09-27T09:27Z,Indus,Skardu,35.48,75.4,1187.5,130,2026-09-27,"[1187.5, 1149.8, 1113.29, 1077.95, 1048.54, 1019.94, 989.83]"
2026-09-27T09:27Z,Jhelum,Srinagar,34.23,74.65,221.84,89,2026-09-27,"[221.84, 217.27, 212.8, 208.41, 204.12, 199.91, 195.79]"
2026-09-27T09:27Z,Chenab,Akhnoor,32.815,74.59,459.26,83,2026-09-27,"[459.26, 449.82, 440.57, 430.52, 419.73, 411.1, 401.72]"
2026-09-27T09:27Z,Sutlej,Rampur,31.375,77.48,237.78,112,2026-09-27,"[237.78, 238.88, 239.44, 237.23, 231.81, 227.03, 222.87]"
2026-09-27T09:27Z,Beas,Mandi,31.785,76.855,310.89,90,2026-09-27,"[310.89, 305.2, 302.39, 297.54, 292.76, 287.4, 282.14]"
2026-09-27T09:27Z,Yamuna,Dakpathar,30.425,77.65,419.73,108,2026-09-27,"[419.73, 447.75, 464.59, 458.2, 439.55, 419.73, 401.72]"
2026-09-27T09:27Z,Ganga,Rishikesh,29.95,78.15,951.8,112,2026-09-27,"[951.8, 1041.32, 1134.01, 1128.8, 1082.93, 1038.92, 999.0]"
2026-09-27T09:27Z,Alaknanda,Srinagar (Garhwal),30.22,78.63,469.98,111,2026-09-27,"[469.98, 513.04, 557.47, 553.63, 533.56, 514.23, 494.45]"
2026-09-27T09:27Z,Kali / Sharda,Tanakpur,28.92,79.96,1168.5,116,2026-09-27,"[1168.5, 1299.17, 1360.44, 1314.22, 1243.51, 1182.04, 1126.2]"
2026-09-27T09:27Z,Karnali,Chisapani,28.565,81.215,5235.01,215,2026-09-27,"[5235.01, 5045.61, 4225.69, 3722.92, 3426.68, 3212.66, 3039.89]"
2026-09-27T09:27Z,Narayani / Gandaki,Narayanghat,27.7,84.355,6806.69,232,2026-09-27,"[6806.69, 6323.12, 5198.96, 4559.37, 4167.69, 3889.45, 3671.82]"
2026-09-27T09:27Z,Koshi,Chatara,26.795,87.085,4829.59,145,2026-09-27,"[4829.59, 4110.5, 3680.29, 3410.93, 3212.66, 3060.96, 2936.65]"
2026-09-27T09:27Z,Teesta,Sevoke,26.75,88.545,1204.04,142,2026-09-27,"[1204.04, 1043.72, 923.7, 823.14, 738.61, 670.43, 622.73]"
2026-09-27T09:27Z,Siang / Brahmaputra,Pasighat,28.06,95.33,4796.33,86,2026-09-27,"[4796.33, 4633.47, 4476.13, 4324.14, 4186.94, 4091.61, 3980.07]"
2026-09-27T14:05Z,Indus,Leh,34.13,77.45,257.82,150,2026-09-27,"[257.82, 250.19, 243.34, 236.14, 229.14, 221.33, 214.28]"
2026-09-27T14:05Z,Indus,Skardu,35.48,75.4,1187.5,130,2026-09-27,"[1187.5, 1147.15, 1110.73, 1077.95, 1048.54, 1019.94, 992.12]"
2026-09-27T14:05Z,Jhelum,Srinagar,34.23,74.65,221.84,89,2026-09-27,"[221.84, 216.77, 213.29, 208.41, 204.12, 199.91, 195.79]"
2026-09-27T14:05Z,Chenab,Akhnoor,32.815,74.59,459.26,83,2026-09-27,"[459.26, 447.75, 440.57, 431.51, 420.7, 412.05, 402.65]"
2026-09-27T14:05Z,Sutlej,Rampur,31.375,77.48,237.78,112,2026-09-27,"[237.78, 239.99, 243.91, 241.66, 236.14, 231.27, 226.51]"
2026-09-27T14:05Z,Beas,Mandi,31.785,76.855,310.89,90,2026-09-27,"[310.89, 305.2, 303.09, 299.61, 294.12, 288.73, 283.45]"
2026-09-27T14:05Z,Yamuna,Dakpathar,30.425,77.65,419.73,108,2026-09-27,"[419.73, 450.86, 503.66, 515.42, 496.74, 473.24, 451.9]"
2026-09-27T14:05Z,Ganga,Rishikesh,29.95,78.15,951.8,112,2026-09-27,"[951.8, 1082.93, 1176.61, 1168.5, 1121.02, 1075.47, 1031.76]"
2026-09-27T14:05Z,Alaknanda,Srinagar (Garhwal),30.22,78.63,469.98,111,2026-09-27,"[469.98, 521.4, 562.64, 557.47, 537.27, 517.8, 499.03]"
2026-09-27T14:05Z,Kali / Sharda,Tanakpur,28.92,79.96,1168.5,116,2026-09-27,"[1168.5, 1347.96, 1385.76, 1326.39, 1255.03, 1192.99, 1136.63]"
2026-09-27T14:05Z,Karnali,Chisapani,28.565,81.215,5235.01,215,2026-09-27,"[5235.01, 5163.16, 4304.27, 3818.44, 3522.71, 3302.7, 3132.29]"
2026-09-27T14:05Z,Narayani / Gandaki,Narayanghat,27.7,84.355,6806.69,232,2026-09-27,"[6806.69, 6250.73, 5139.44, 4507.17, 4129.47, 3853.78, 3629.78]"
2026-09-27T14:05Z,Koshi,Chatara,26.795,87.085,4829.59,145,2026-09-27,"[4829.59, 4245.2, 3783.43, 3490.4, 3279.95, 3117.89, 2998.16]"
2026-09-27T14:05Z,Teesta,Sevoke,26.75,88.545,1204.04,142,2026-09-27,"[1204.04, 1029.39, 913.11, 815.58, 736.9, 679.77, 653.64]"
2026-09-27T14:05Z,Siang / Brahmaputra,Pasighat,28.06,95.33,4796.33,86,2026-09-27,"[4796.33, 4633.47, 4496.8, 4384.31, 4294.36, 4245.2, 4445.31]"
2026-09-27T18:29Z,Indus,Leh,34.13,77.45,257.82,150,2026-09-27,"[257.82, 250.19, 243.34, 236.14, 229.14, 221.33, 214.28]"
2026-09-27T18:29Z,Indus,Skardu,35.48,75.4,1187.5,130,2026-09-27,"[1187.5, 1147.15, 1110.73, 1077.95, 1048.54, 1019.94, 992.12]"
2026-09-27T18:29Z,Jhelum,Srinagar,34.23,74.65,221.84,89,2026-09-27,"[221.84, 216.77, 213.29, 208.41, 204.12, 199.91, 195.79]"
2026-09-27T18:29Z,Chenab,Akhnoor,32.815,74.59,459.26,83,2026-09-27,"[459.26, 447.75, 440.57, 431.51, 420.7, 412.05, 402.65]"
2026-09-27T18:29Z,Sutlej,Rampur,31.375,77.48,237.78,112,2026-09-27,"[237.78, 239.99, 243.91, 241.66, 236.14, 231.27, 226.51]"
2026-09-27T18:29Z,Beas,Mandi,31.785,76.855,310.89,90,2026-09-27,"[310.89, 305.2, 303.09, 299.61, 294.12, 288.73, 283.45]"
2026-09-27T18:29Z,Yamuna,Dakpathar,30.425,77.65,419.73,108,2026-09-27,"[419.73, 450.86, 503.66, 515.42, 496.74, 473.24, 451.9]"
2026-09-27T18:29Z,Ganga,Rishikesh,29.95,78.15,951.8,112,2026-09-27,"[951.8, 1082.93, 1176.61, 1168.5, 1121.02, 1075.47, 1031.76]"
2026-09-27T18:29Z,Alaknanda,Srinagar (Garhwal),30.22,78.63,469.98,111,2026-09-27,"[469.98, 521.4, 562.64, 557.47, 537.27, 517.8, 499.03]"
2026-09-27T18:29Z,Kali / Sharda,Tanakpur,28.92,79.96,1168.5,116,2026-09-27,"[1168.5, 1347.96, 1385.76, 1326.39, 1255.03, 1192.99, 1136.63]"
2026-09-27T18:29Z,Karnali,Chisapani,28.565,81.215,5235.01,215,2026-09-27,"[5235.01, 5163.16, 4304.27, 3818.44, 3522.71, 3302.7, 3132.29]"
2026-09-27T18:29Z,Narayani / Gandaki,Narayanghat,27.7,84.355,6806.69,232,2026-09-27,"[6806.69, 6250.73, 5139.44, 4507.17, 4129.47, 3853.78, 3629.78]"
2026-09-27T18:29Z,Koshi,Chatara,26.795,87.085,4829.59,145,2026-09-27,"[4829.59, 4245.2, 3783.43, 3490.4, 3279.95, 3117.89, 2998.16]"
2026-09-27T18:29Z,Teesta,Sevoke,26.75,88.545,1204.04,142,2026-09-27,"[1204.04, 1029.39, 913.11, 815.58, 736.9, 679.77, 653.64]"
2026-09-27T18:29Z,Siang / Brahmaputra,Pasighat,28.06,95.33,4796.33,86,2026-09-27,"[4796.33, 4633.47, 4496.8, 4384.31, 4294.36, 4245.2, 4445.31]"
2026-09-27T23:06Z,Indus,Leh,34.13,77.45,257.82,150,2026-09-27,"[257.82, 250.19, 243.34, 236.14, 229.14, 221.33, 214.28]"
2026-09-27T23:06Z,Indus,Skardu,35.48,75.4,1187.5,130,2026-09-27,"[1187.5, 1147.15, 1110.73, 1077.95, 1048.54, 1019.94, 992.12]"
2026-09-27T23:06Z,Jhelum,Srinagar,34.23,74.65,221.84,89,2026-09-27,"[221.84, 216.77, 213.29, 208.41, 204.12, 199.91, 195.79]"
2026-09-27T23:06Z,Chenab,Akhnoor,32.815,74.59,459.26,83,2026-09-27,"[459.26, 447.75, 440.57, 431.51, 420.7, 412.05, 402.65]"
2026-09-27T23:06Z,Sutlej,Rampur,31.375,77.48,237.78,112,2026-09-27,"[237.78, 239.99, 243.91, 241.66, 236.14, 231.27, 226.51]"
2026-09-27T23:06Z,Beas,Mandi,31.785,76.855,310.89,90,2026-09-27,"[310.89, 305.2, 303.09, 299.61, 294.12, 288.73, 283.45]"
2026-09-27T23:06Z,Yamuna,Dakpathar,30.425,77.65,419.73,108,2026-09-27,"[419.73, 450.86, 503.66, 515.42, 496.74, 473.24, 451.9]"
2026-09-27T23:06Z,Ganga,Rishikesh,29.95,78.15,951.8,112,2026-09-27,"[951.8, 1082.93, 1176.61, 1168.5, 1121.02, 1075.47, 1031.76]"
2026-09-27T23:06Z,Alaknanda,Srinagar (Garhwal),30.22,78.63,469.98,111,2026-09-27,"[469.98, 521.4, 562.64, 557.47, 537.27, 517.8, 499.03]"
2026-09-27T23:06Z,Kali / Sharda,Tanakpur,28.92,79.96,1168.5,116,2026-09-27,"[1168.5, 1347.96, 1385.76, 1326.39, 1255.03, 1192.99, 1136.63]"
2026-09-27T23:06Z,Karnali,Chisapani,28.565,81.215,5235.01,215,2026-09-27,"[5235.01, 5163.16, 4304.27, 3818.44, 3522.71, 3302.7, 3132.29]"
2026-09-27T23:06Z,Narayani / Gandaki,Narayanghat,27.7,84.355,6806.69,232,2026-09-27,"[6806.69, 6250.73, 5139.44, 4507.17, 4129.47, 3853.78, 3629.78]"
2026-09-27T23:06Z,Koshi,Chatara,26.795,87.085,4829.59,145,2026-09-27,"[4829.59, 4245.2, 3783.43, 3490.4, 3279.95, 3117.89, 2998.16]"
2026-09-27T23:06Z,Teesta,Sevoke,26.75,88.545,1204.04,142,2026-09-27,"[1204.04, 1029.39, 913.11, 815.58, 736.9, 679.77, 653.64]"
2026-09-27T23:06Z,Siang / Brahmaputra,Pasighat,28.06,95.33,4796.33,86,2026-09-27,"[4796.33, 4633.47, 4496.8, 4384.31, 4294.36, 4245.2, 4445.31]"
2026-09-28T04:46Z,Indus,Leh,34.13,77.45,250.19,152,2026-09-28,"[250.19, 243.34, 236.14, 229.14, 221.33, 214.28, 207.45]"
2026-09-28T04:46Z,Indus,Skardu,35.48,75.4,1147.15,130,2026-09-28,"[1147.15, 1110.73, 1077.95, 1048.54, 1019.94, 992.12, 965.05]"
2026-09-28T04:46Z,Jhelum,Srinagar,34.23,74.65,216.77,88,2026-09-28,"[216.77, 213.29, 208.41, 204.12, 199.91, 195.79, 191.75]"
2026-09-28T04:46Z,Chenab,Akhnoor,32.815,74.59,447.75,82,2026-09-28,"[447.75, 440.57, 431.51, 420.7, 412.05, 402.65, 393.46]"
2026-09-28T04:46Z,Sutlej,Rampur,31.375,77.48,239.99,114,2026-09-28,"[239.99, 243.91, 241.66, 236.14, 231.27, 226.51, 222.36]"
2026-09-28T04:46Z,Beas,Mandi,31.785,76.855,305.2,89,2026-09-28,"[305.2, 303.09, 299.61, 294.12, 288.73, 283.45, 278.9]"
2026-09-28T04:46Z,Yamuna,Dakpathar,30.425,77.65,450.86,119,2026-09-28,"[450.86, 503.66, 515.42, 496.74, 473.24, 451.9, 431.51]"
2026-09-28T04:46Z,Ganga,Rishikesh,29.95,78.15,1082.93,132,2026-09-28,"[1082.93, 1176.61, 1168.5, 1121.02, 1075.47, 1031.76, 989.83]"
2026-09-28T04:46Z,Alaknanda,Srinagar (Garhwal),30.22,78.63,521.4,127,2026-09-28,"[521.4, 562.64, 557.47, 537.27, 517.8, 499.03, 480.95]"
2026-09-28T04:46Z,Kali / Sharda,Tanakpur,28.92,79.96,1347.96,136,2026-09-28,"[1347.96, 1385.76, 1326.39, 1255.03, 1192.99, 1136.63, 1087.93]"
2026-09-28T04:46Z,Karnali,Chisapani,28.565,81.215,5163.16,215,2026-09-28,"[5163.16, 4304.27, 3818.44, 3522.71, 3302.7, 3132.29, 2984.38]"
2026-09-28T04:46Z,Narayani / Gandaki,Narayanghat,27.7,84.355,6250.73,215,2026-09-28,"[6250.73, 5139.44, 4507.17, 4129.47, 3853.78, 3629.78, 3450.44]"
2026-09-28T04:46Z,Koshi,Chatara,26.795,87.085,4245.2,128,2026-09-28,"[4245.2, 3783.43, 3490.4, 3279.95, 3117.89, 2998.16, 2889.68]"
2026-09-28T04:46Z,Teesta,Sevoke,26.75,88.545,1029.39,127,2026-09-28,"[1029.39, 913.11, 815.58, 736.9, 679.77, 653.64, 661.22]"
2026-09-28T04:46Z,Siang / Brahmaputra,Pasighat,28.06,95.33,4633.47,84,2026-09-28,"[4633.47, 4496.8, 4384.31, 4294.36, 4245.2, 4445.31, 5198.96]"
2026-09-28T04:54Z,Indus,Leh,34.13,77.45,250.19,152,2026-09-28,"[250.19, 243.34, 236.14, 229.14, 221.33, 214.28, 207.45]"
2026-09-28T04:54Z,Indus,Skardu,35.48,75.4,1147.15,130,2026-09-28,"[1147.15, 1110.73, 1077.95, 1048.54, 1019.94, 992.12, 965.05]"
2026-09-28T04:54Z,Jhelum,Srinagar,34.23,74.65,216.77,88,2026-09-28,"[216.77, 213.29, 208.41, 204.12, 199.91, 195.79, 191.75]"
2026-09-28T04:54Z,Chenab,Akhnoor,32.815,74.59,447.75,82,2026-09-28,"[447.75, 440.57, 431.51, 420.7, 412.05, 402.65, 393.46]"
2026-09-28T04:54Z,Sutlej,Rampur,31.375,77.48,239.99,114,2026-09-28,"[239.99, 243.91, 241.66, 236.14, 231.27, 226.51, 222.36]"
2026-09-28T04:54Z,Beas,Mandi,31.785,76.855,305.2,89,2026-09-28,"[305.2, 303.09, 299.61, 294.12, 288.73, 283.45, 278.9]"
2026-09-28T04:54Z,Yamuna,Dakpathar,30.425,77.65,450.86,119,2026-09-28,"[450.86, 503.66, 515.42, 496.74, 473.24, 451.9, 431.51]"
2026-09-28T04:54Z,Ganga,Rishikesh,29.95,78.15,1082.93,132,2026-09-28,"[1082.93, 1176.61, 1168.5, 1121.02, 1075.47, 1031.76, 989.83]"
2026-09-28T04:54Z,Alaknanda,Srinagar (Garhwal),30.22,78.63,521.4,127,2026-09-28,"[521.4, 562.64, 557.47, 537.27, 517.8, 499.03, 480.95]"
2026-09-28T04:54Z,Kali / Sharda,Tanakpur,28.92,79.96,1347.96,136,2026-09-28,"[1347.96, 1385.76, 1326.39, 1255.03, 1192.99, 1136.63, 1087.93]"
2026-09-28T04:54Z,Karnali,Chisapani,28.565,81.215,5163.16,215,2026-09-28,"[5163.16, 4304.27, 3818.44, 3522.71, 3302.7, 3132.29, 2984.38]"
2026-09-28T04:54Z,Narayani / Gandaki,Narayanghat,27.7,84.355,6250.73,215,2026-09-28,"[6250.73, 5139.44, 4507.17, 4129.47, 3853.78, 3629.78, 3450.44]"
2026-09-28T04:54Z,Koshi,Chatara,26.795,87.085,4245.2,128,2026-09-28,"[4245.2, 3783.43, 3490.4, 3279.95, 3117.89, 2998.16, 2889.68]"
2026-09-28T04:54Z,Teesta,Sevoke,26.75,88.545,1029.39,127,2026-09-28,"[1029.39, 913.11, 815.58, 736.9, 679.77, 653.64, 661.22]"
2026-09-28T04:54Z,Siang / Brahmaputra,Pasighat,28.06,95.33,4633.47,84,2026-09-28,"[4633.47, 4496.8, 4384.31, 4294.36, 4245.2, 4445.31, 5198.96]"
2026-09-28T05:15Z,Indus,Leh,34.13,77.45,250.19,152,2026-09-28,"[250.19, 243.34, 236.14, 229.14, 221.33, 214.28, 207.45]"
2026-09-28T05:15Z,Indus,Skardu,35.48,75.4,1147.15,130,2026-09-28,"[1147.15, 1110.73, 1077.95, 1048.54, 1019.94, 992.12, 965.05]"
2026-09-28T05:15Z,Jhelum,Srinagar,34.23,74.65,216.77,88,2026-09-28,"[216.77, 213.29, 208.41, 204.12, 199.91, 195.79, 191.75]"
2026-09-28T05:15Z,Chenab,Akhnoor,32.815,74.59,447.75,82,2026-09-28,"[447.75, 440.57, 431.51, 420.7, 412.05, 402.65, 393.46]"
2026-09-28T05:15Z,Sutlej,Rampur,31.375,77.48,239.99,114,2026-09-28,"[239.99, 243.91, 241.66, 236.14, 231.27, 226.51, 222.36]"
2026-09-28T05:15Z,Beas,Mandi,31.785,76.855,305.2,89,2026-09-28,"[305.2, 303.09, 299.61, 294.12, 288.73, 283.45, 278.9]"
2026-09-28T05:15Z,Yamuna,Dakpathar,30.425,77.65,450.86,119,2026-09-28,"[450.86, 503.66, 515.42, 496.74, 473.24, 451.9, 431.51]"
2026-09-28T05:15Z,Ganga,Rishikesh,29.95,78.15,1082.93,132,2026-09-28,"[1082.93, 1176.61, 1168.5, 1121.02, 1075.47, 1031.76, 989.83]"
2026-09-28T05:15Z,Alaknanda,Srinagar (Garhwal),30.22,78.63,521.4,127,2026-09-28,"[521.4, 562.64, 557.47, 537.27, 517.8, 499.03, 480.95]"
2026-09-28T05:15Z,Kali / Sharda,Tanakpur,28.92,79.96,1347.96,136,2026-09-28,"[1347.96, 1385.76, 1326.39, 1255.03, 1192.99, 1136.63, 1087.93]"
2026-09-28T05:15Z,Karnali,Chisapani,28.565,81.215,5163.16,215,2026-09-28,"[5163.16, 4304.27, 3818.44, 3522.71, 3302.7, 3132.29, 2984.38]"
2026-09-28T05:15Z,Narayani / Gandaki,Narayanghat,27.7,84.355,6250.73,215,2026-09-28,"[6250.73, 5139.44, 4507.17, 4129.47, 3853.78, 3629.78, 3450.44]"
2026-09-28T05:15Z,Koshi,Chatara,26.795,87.085,4245.2,128,2026-09-28,"[4245.2, 3783.43, 3490.4, 3279.95, 3117.89, 2998.16, 2889.68]"
2026-09-28T05:15Z,Teesta,Sevoke,26.75,88.545,1029.39,127,2026-09-28,"[1029.39, 913.11, 815.58, 736.9, 679.77, 653.64, 661.22]"
2026-09-28T05:15Z,Siang / Brahmaputra,Pasighat,28.06,95.33,4633.47,84,2026-09-28,"[4633.47, 4496.8, 4384.31, 4294.36, 4245.2, 4445.31, 5198.96]"
2026-09-28T05:21Z,Indus,Leh,34.13,77.45,250.19,152,2026-09-28,"[250.19, 243.34, 236.14, 229.14, 221.33, 214.28, 207.45]"
2026-09-28T05:21Z,Indus,Skardu,35.48,75.4,1147.15,130,2026-09-28,"[1147.15, 1110.73, 1077.95, 1048.54, 1019.94, 992.12, 965.05]"
2026-09-28T05:21Z,Jhelum,Srinagar,34.23,74.65,216.77,88,2026-09-28,"[216.77, 213.29, 208.41, 204.12, 199.91, 195.79, 191.75]"
2026-09-28T05:21Z,Chenab,Akhnoor,32.815,74.59,447.75,82,2026-09-28,"[447.75, 440.57, 431.51, 420.7, 412.05, 402.65, 393.46]"
2026-09-28T05:21Z,Sutlej,Rampur,31.375,77.48,239.99,114,2026-09-28,"[239.99, 243.91, 241.66, 236.14, 231.27, 226.51, 222.36]"
2026-09-28T05:21Z,Beas,Mandi,31.785,76.855,305.2,89,2026-09-28,"[305.2, 303.09, 299.61, 294.12, 288.73, 283.45, 278.9]"
2026-09-28T05:21Z,Yamuna,Dakpathar,30.425,77.65,450.86,119,2026-09-28,"[450.86, 503.66, 515.42, 496.74, 473.24, 451.9, 431.51]"
2026-09-28T05:21Z,Ganga,Rishikesh,29.95,78.15,1082.93,132,2026-09-28,"[1082.93, 1176.61, 1168.5, 1121.02, 1075.47, 1031.76, 989.83]"
2026-09-28T05:21Z,Alaknanda,Srinagar (Garhwal),30.22,78.63,521.4,127,2026-09-28,"[521.4, 562.64, 557.47, 537.27, 517.8, 499.03, 480.95]"
2026-09-28T05:21Z,Kali / Sharda,Tanakpur,28.92,79.96,1347.96,136,2026-09-28,"[1347.96, 1385.76, 1326.39, 1255.03, 1192.99, 1136.63, 1087.93]"
2026-09-28T05:21Z,Karnali,Chisapani,28.565,81.215,5163.16,215,2026-09-28,"[5163.16, 4304.27, 3818.44, 3522.71, 3302.7, 3132.29, 2984.38]"
2026-09-28T05:21Z,Narayani / Gandaki,Narayanghat,27.7,84.355,6250.73,215,2026-09-28,"[6250.73, 5139.44, 4507.17, 4129.47, 3853.78, 3629.78, 3450.44]"
2026-09-28T05:21Z,Koshi,Chatara,26.795,87.085,4245.2,128,2026-09-28,"[4245.2, 3783.43, 3490.4, 3279.95, 3117.89, 2998.16, 2889.68]"
2026-09-28T05:21Z,Teesta,Sevoke,26.75,88.545,1029.39,127,2026-09-28,"[1029.39, 913.11, 815.58, 736.9, 679.77, 653.64, 661.22]"
2026-09-28T05:21Z,Siang / Brahmaputra,Pasighat,28.06,95.33,4633.47,84,2026-09-28,"[4633.47, 4496.8, 4384.31, 4294.36, 4245.2, 4445.31, 5198.96]"
2026-09-28T05:29Z,Indus,Leh,34.13,77.45,250.19,152,2026-09-28,"[250.19, 243.34, 236.14, 229.14, 221.33, 214.28, 207.45]"
2026-09-28T05:29Z,Indus,Skardu,35.48,75.4,1147.15,130,2026-09-28,"[1147.15, 1110.73, 1077.95, 1048.54, 1019.94, 992.12, 965.05]"
2026-09-28T05:29Z,Jhelum,Srinagar,34.23,74.65,216.77,88,2026-09-28,"[216.77, 213.29, 208.41, 204.12, 199.91, 195.79, 191.75]"
2026-09-28T05:29Z,Chenab,Akhnoor,32.815,74.59,447.75,82,2026-09-28,"[447.75, 440.57, 431.51, 420.7, 412.05, 402.65, 393.46]"
2026-09-28T05:29Z,Sutlej,Rampur,31.375,77.48,239.99,114,2026-09-28,"[239.99, 243.91, 241.66, 236.14, 231.27, 226.51, 222.36]"
2026-09-28T05:29Z,Beas,Mandi,31.785,76.855,305.2,89,2026-09-28,"[305.2, 303.09, 299.61, 294.12, 288.73, 283.45, 278.9]"
2026-09-28T05:29Z,Yamuna,Dakpathar,30.425,77.65,450.86,119,2026-09-28,"[450.86, 503.66, 515.42, 496.74, 473.24, 451.9, 431.51]"
2026-09-28T05:29Z,Ganga,Rishikesh,29.95,78.15,1082.93,132,2026-09-28,"[1082.93, 1176.61, 1168.5, 1121.02, 1075.47, 1031.76, 989.83]"
2026-09-28T05:29Z,Alaknanda,Srinagar (Garhwal),30.22,78.63,521.4,127,2026-09-28,"[521.4, 562.64, 557.47, 537.27, 517.8, 499.03, 480.95]"
2026-09-28T05:29Z,Kali / Sharda,Tanakpur,28.92,79.96,1347.96,136,2026-09-28,"[1347.96, 1385.76, 1326.39, 1255.03, 1192.99, 1136.63, 1087.93]"
2026-09-28T05:29Z,Karnali,Chisapani,28.565,81.215,5163.16,215,2026-09-28,"[5163.16, 4304.27, 3818.44, 3522.71, 3302.7, 3132.29, 2984.38]"
2026-09-28T05:29Z,Narayani / Gandaki,Narayanghat,27.7,84.355,6250.73,215,2026-09-28,"[6250.73, 5139.44, 4507.17, 4129.47, 3853.78, 3629.78, 3450.44]"
2026-09-28T05:29Z,Koshi,Chatara,26.795,87.085,4245.2,128,2026-09-28,"[4245.2, 3783.43, 3490.4, 3279.95, 3117.89, 2998.16, 2889.68]"
2026-09-28T05:29Z,Teesta,Sevoke,26.75,88.545,1029.39,127,2026-09-28,"[1029.39, 913.11, 815.58, 736.9, 679.77, 653.64, 661.22]"
2026-09-28T05:29Z,Siang / Brahmaputra,Pasighat,28.06,95.33,4633.47,84,2026-09-28,"[4633.47, 4496.8, 4384.31, 4294.36, 4245.2, 4445.31, 5198.96]"
2026-09-28T14:04Z,Indus,Leh,34.13,77.45,250.19,152,2026-09-28,"[250.19, 261.42, 286.74, 292.09, 280.84, 268.77, 257.82]"
2026-09-28T14:04Z,Indus,Skardu,35.48,75.4,1147.15,130,2026-09-28,"[1147.15, 1118.44, 1108.18, 1108.18, 1085.43, 1053.39, 1022.29]"
2026-09-28T14:04Z,Jhelum,Srinagar,34.23,74.65,216.77,88,2026-09-28,"[216.77, 213.29, 209.38, 204.59, 200.37, 196.24, 192.2]"
2026-09-28T14:04Z,Chenab,Akhnoor,32.815,74.59,447.75,82,2026-09-28,"[447.75, 440.57, 432.51, 422.64, 413.0, 403.58, 394.37]"
2026-09-28T14:04Z,Sutlej,Rampur,31.375,77.48,239.99,114,2026-09-28,"[239.99, 276.33, 266.92, 253.68, 242.78, 235.05, 228.61]"
2026-09-28T14:04Z,Beas,Mandi,31.785,76.855,305.2,89,2026-09-28,"[305.2, 303.79, 301.0, 295.48, 290.07, 284.76, 279.54]"
2026-09-28T14:04Z,Yamuna,Dakpathar,30.425,77.65,450.86,119,2026-09-28,"[450.86, 486.53, 492.17, 472.15, 450.86, 431.51, 412.05]"
2026-09-28T14:04Z,Ganga,Rishikesh,29.95,78.15,1082.93,132,2026-09-28,"[1082.93, 1195.74, 1187.5, 1136.63, 1087.93, 1043.72, 1001.31]"
2026-09-28T14:04Z,Alaknanda,Srinagar (Garhwal),30.22,78.63,521.4,127,2026-09-28,"[521.4, 598.79, 594.66, 571.8, 548.54, 528.66, 508.33]"
2026-09-28T14:04Z,Kali / Sharda,Tanakpur,28.92,79.96,1347.96,136,2026-09-28,"[1347.96, 1329.45, 1290.22, 1226.44, 1165.81, 1113.29, 1065.6]"
2026-09-28T14:04Z,Karnali,Chisapani,28.565,81.215,5163.16,215,2026-09-28,"[5163.16, 4324.14, 3844.92, 3547.13, 3333.26, 3154.01, 3005.08]"
2026-09-28T14:04Z,Narayani / Gandaki,Narayanghat,27.7,84.355,6250.73,215,2026-09-28,"[6250.73, 5139.44, 4507.17, 4129.47, 3853.78, 3629.78, 3450.44]"
2026-09-28T14:04Z,Koshi,Chatara,26.795,87.085,4245.2,128,2026-09-28,"[4245.2, 3836.07, 3538.97, 3333.26, 3175.87, 3046.89, 2929.89]"
2026-09-28T14:04Z,Teesta,Sevoke,26.75,88.545,1029.39,127,2026-09-28,"[1029.39, 923.7, 825.04, 740.31, 675.08, 634.33, 622.73]"
2026-09-28T14:04Z,Siang / Brahmaputra,Pasighat,28.06,95.33,4633.47,84,2026-09-28,"[4633.47, 4507.17, 4404.55, 4284.49, 4225.69, 4215.97, 4435.09]"
2026-09-28T14:41Z,Indus,Leh,34.13,77.45,250.19,152,2026-09-28,"[250.19, 261.42, 286.74, 292.09, 280.84, 268.77, 257.82]"
2026-09-28T14:41Z,Indus,Skardu,35.48,75.4,1147.15,130,2026-09-28,"[1147.15, 1118.44, 1108.18, 1108.18, 1085.43, 1053.39, 1022.29]"
2026-09-28T14:41Z,Jhelum,Srinagar,34.23,74.65,216.77,88,2026-09-28,"[216.77, 213.29, 209.38, 204.59, 200.37, 196.24, 192.2]"
2026-09-28T14:41Z,Chenab,Akhnoor,32.815,74.59,447.75,82,2026-09-28,"[447.75, 440.57, 432.51, 422.64, 413.0, 403.58, 394.37]"
2026-09-28T14:41Z,Sutlej,Rampur,31.375,77.48,239.99,114,2026-09-28,"[239.99, 276.33, 266.92, 253.68, 242.78, 235.05, 228.61]"
2026-09-28T14:41Z,Beas,Mandi,31.785,76.855,305.2,89,2026-09-28,"[305.2, 303.79, 301.0, 295.48, 290.07, 284.76, 279.54]"
2026-09-28T14:41Z,Yamuna,Dakpathar,30.425,77.65,450.86,119,2026-09-28,"[450.86, 486.53, 492.17, 472.15, 450.86, 431.51, 412.05]"
2026-09-28T14:41Z,Ganga,Rishikesh,29.95,78.15,1082.93,132,2026-09-28,"[1082.93, 1195.74, 1187.5, 1136.63, 1087.93, 1043.72, 1001.31]"
2026-09-28T14:41Z,Alaknanda,Srinagar (Garhwal),30.22,78.63,521.4,127,2026-09-28,"[521.4, 598.79, 594.66, 571.8, 548.54, 528.66, 508.33]"
2026-09-28T14:41Z,Kali / Sharda,Tanakpur,28.92,79.96,1347.96,136,2026-09-28,"[1347.96, 1329.45, 1290.22, 1226.44, 1165.81, 1113.29, 1065.6]"
2026-09-28T14:41Z,Karnali,Chisapani,28.565,81.215,5163.16,215,2026-09-28,"[5163.16, 4324.14, 3844.92, 3547.13, 3333.26, 3154.01, 3005.08]"
2026-09-28T14:41Z,Narayani / Gandaki,Narayanghat,27.7,84.355,6250.73,215,2026-09-28,"[6250.73, 5139.44, 4507.17, 4129.47, 3853.78, 3629.78, 3450.44]"
2026-09-28T14:41Z,Koshi,Chatara,26.795,87.085,4245.2,128,2026-09-28,"[4245.2, 3836.07, 3538.97, 3333.26, 3175.87, 3046.89, 2929.89]"
2026-09-28T14:41Z,Teesta,Sevoke,26.75,88.545,1029.39,127,2026-09-28,"[1029.39, 923.7, 825.04, 740.31, 675.08, 634.33, 622.73]"
2026-09-28T14:41Z,Siang / Brahmaputra,Pasighat,28.06,95.33,4633.47,84,2026-09-28,"[4633.47, 4507.17, 4404.55, 4284.49, 4225.69, 4215.97, 4435.09]"
2026-09-28T20:36Z,Indus,Leh,34.13,77.45,250.19,152,2026-09-28,"[250.19, 261.42, 286.74, 292.09, 280.84, 268.77, 257.82]"
2026-09-28T20:36Z,Indus,Skardu,35.48,75.4,1147.15,130,2026-09-28,"[1147.15, 1118.44, 1108.18, 1108.18, 1085.43, 1053.39, 1022.29]"
2026-09-28T20:36Z,Jhelum,Srinagar,34.23,74.65,216.77,88,2026-09-28,"[216.77, 213.29, 209.38, 204.59, 200.37, 196.24, 192.2]"
2026-09-28T20:36Z,Chenab,Akhnoor,32.815,74.59,447.75,82,2026-09-28,"[447.75, 440.57, 432.51, 422.64, 413.0, 403.58, 394.37]"
2026-09-28T20:36Z,Sutlej,Rampur,31.375,77.48,239.99,114,2026-09-28,"[239.99, 276.33, 266.92, 253.68, 242.78, 235.05, 228.61]"
2026-09-28T20:36Z,Beas,Mandi,31.785,76.855,305.2,89,2026-09-28,"[305.2, 303.79, 301.0, 295.48, 290.07, 284.76, 279.54]"
2026-09-28T20:36Z,Yamuna,Dakpathar,30.425,77.65,450.86,119,2026-09-28,"[450.86, 486.53, 492.17, 472.15, 450.86, 431.51, 412.05]"
2026-09-28T20:36Z,Ganga,Rishikesh,29.95,78.15,1082.93,132,2026-09-28,"[1082.93, 1195.74, 1187.5, 1136.63, 1087.93, 1043.72, 1001.31]"
2026-09-28T20:36Z,Alaknanda,Srinagar (Garhwal),30.22,78.63,521.4,127,2026-09-28,"[521.4, 598.79, 594.66, 571.8, 548.54, 528.66, 508.33]"
2026-09-28T20:36Z,Kali / Sharda,Tanakpur,28.92,79.96,1347.96,136,2026-09-28,"[1347.96, 1329.45, 1290.22, 1226.44, 1165.81, 1113.29, 1065.6]"
2026-09-28T20:36Z,Karnali,Chisapani,28.565,81.215,5163.16,215,2026-09-28,"[5163.16, 4324.14, 3844.92, 3547.13, 3333.26, 3154.01, 3005.08]"
2026-09-28T20:36Z,Narayani / Gandaki,Narayanghat,27.7,84.355,6250.73,215,2026-09-28,"[6250.73, 5139.44, 4507.17, 4129.47, 3853.78, 3629.78, 3450.44]"
2026-09-28T20:36Z,Koshi,Chatara,26.795,87.085,4245.2,128,2026-09-28,"[4245.2, 3836.07, 3538.97, 3333.26, 3175.87, 3046.89, 2929.89]"
2026-09-28T20:36Z,Teesta,Sevoke,26.75,88.545,1029.39,127,2026-09-28,"[1029.39, 923.7, 825.04, 740.31, 675.08, 634.33, 622.73]"
2026-09-28T20:36Z,Siang / Brahmaputra,Pasighat,28.06,95.33,4633.47,84,2026-09-28,"[4633.47, 4507.17, 4404.55, 4284.49, 4225.69, 4215.97, 4435.09]"
2026-09-29T02:03Z,Indus,Leh,34.13,77.45,261.42,164,2026-09-29,"[261.42, 286.74, 292.09, 280.84, 268.77, 257.82, 248.46]"
2026-09-29T02:03Z,Indus,Skardu,35.48,75.4,1118.44,130,2026-09-29,"[1118.44, 1108.18, 1108.18, 1085.43, 1053.39, 1022.29, 992.12]"
2026-09-29T02:03Z,Jhelum,Srinagar,34.23,74.65,213.29,88,2026-09-29,"[213.29, 209.38, 204.59, 200.37, 196.24, 192.2, 188.23]"
2026-09-29T02:03Z,Chenab,Akhnoor,32.815,74.59,440.57,82,2026-09-29,"[440.57, 432.51, 422.64, 413.0, 403.58, 394.37, 385.37]"
2026-09-29T02:03Z,Sutlej,Rampur,31.375,77.48,276.33,133,2026-09-29,"[276.33, 266.92, 253.68, 242.78, 235.05, 228.61, 223.39]"
2026-09-29T02:03Z,Beas,Mandi,31.785,76.855,303.79,90,2026-09-29,"[303.79, 301.0, 295.48, 290.07, 284.76, 279.54, 274.42]"
2026-09-29T02:03Z,Yamuna,Dakpathar,30.425,77.65,486.53,132,2026-09-29,"[486.53, 492.17, 472.15, 450.86, 431.51, 412.05, 393.46]"
2026-09-29T02:03Z,Ganga,Rishikesh,29.95,78.15,1195.74,149,2026-09-29,"[1195.74, 1187.5, 1136.63, 1087.93, 1043.72, 1001.31, 960.61]"
2026-09-29T02:03Z,Alaknanda,Srinagar (Garhwal),30.22,78.63,598.79,149,2026-09-29,"[598.79, 594.66, 571.8, 548.54, 528.66, 508.33, 489.91]"
2026-09-29T02:03Z,Kali / Sharda,Tanakpur,28.92,79.96,1329.45,137,2026-09-29,"[1329.45, 1290.22, 1226.44, 1165.81, 1113.29, 1065.6, 1019.94]"
2026-09-29T02:03Z,Karnali,Chisapani,28.565,81.215,4324.14,185,2026-09-29,"[4324.14, 3844.92, 3547.13, 3333.26, 3154.01, 3005.08, 2869.78]"
2026-09-29T02:03Z,Narayani / Gandaki,Narayanghat,27.7,84.355,5139.44,181,2026-09-29,"[5139.44, 4507.17, 4129.47, 3853.78, 3629.78, 3450.44, 3287.52]"
2026-09-29T02:03Z,Koshi,Chatara,26.795,87.085,3836.07,118,2026-09-29,"[3836.07, 3538.97, 3333.26, 3175.87, 3046.89, 2929.89, 2823.88]"
2026-09-29T02:03Z,Teesta,Sevoke,26.75,88.545,923.7,117,2026-09-29,"[923.7, 825.04, 740.31, 675.08, 634.33, 622.73, 608.54]"
2026-09-29T02:03Z,Siang / Brahmaputra,Pasighat,28.06,95.33,4507.17,82,2026-09-29,"[4507.17, 4404.55, 4284.49, 4225.69, 4215.97, 4435.09, 4374.22]"
2026-09-29T08:40Z,Indus,Leh,34.13,77.45,261.42,164,2026-09-29,"[261.42, 286.74, 292.09, 280.84, 268.77, 257.82, 248.46]"
2026-09-29T08:40Z,Indus,Skardu,35.48,75.4,1118.44,130,2026-09-29,"[1118.44, 1108.18, 1108.18, 1085.43, 1053.39, 1022.29, 992.12]"
2026-09-29T08:40Z,Jhelum,Srinagar,34.23,74.65,213.29,88,2026-09-29,"[213.29, 209.38, 204.59, 200.37, 196.24, 192.2, 188.23]"
2026-09-29T08:40Z,Chenab,Akhnoor,32.815,74.59,440.57,82,2026-09-29,"[440.57, 432.51, 422.64, 413.0, 403.58, 394.37, 385.37]"
2026-09-29T08:40Z,Sutlej,Rampur,31.375,77.48,276.33,133,2026-09-29,"[276.33, 266.92, 253.68, 242.78, 235.05, 228.61, 223.39]"
2026-09-29T08:40Z,Beas,Mandi,31.785,76.855,303.79,90,2026-09-29,"[303.79, 301.0, 295.48, 290.07, 284.76, 279.54, 274.42]"
2026-09-29T08:40Z,Yamuna,Dakpathar,30.425,77.65,486.53,132,2026-09-29,"[486.53, 492.17, 472.15, 450.86, 431.51, 412.05, 393.46]"
2026-09-29T08:40Z,Ganga,Rishikesh,29.95,78.15,1195.74,149,2026-09-29,"[1195.74, 1187.5, 1136.63, 1087.93, 1043.72, 1001.31, 960.61]"
2026-09-29T08:40Z,Alaknanda,Srinagar (Garhwal),30.22,78.63,598.79,149,2026-09-29,"[598.79, 594.66, 571.8, 548.54, 528.66, 508.33, 489.91]"
2026-09-29T08:40Z,Kali / Sharda,Tanakpur,28.92,79.96,1329.45,137,2026-09-29,"[1329.45, 1290.22, 1226.44, 1165.81, 1113.29, 1065.6, 1019.94]"
2026-09-29T08:40Z,Karnali,Chisapani,28.565,81.215,4324.14,185,2026-09-29,"[4324.14, 3844.92, 3547.13, 3333.26, 3154.01, 3005.08, 2869.78]"
2026-09-29T08:40Z,Narayani / Gandaki,Narayanghat,27.7,84.355,5139.44,181,2026-09-29,"[5139.44, 4507.17, 4129.47, 3853.78, 3629.78, 3450.44, 3287.52]"
2026-09-29T08:40Z,Koshi,Chatara,26.795,87.085,3836.07,118,2026-09-29,"[3836.07, 3538.97, 3333.26, 3175.87, 3046.89, 2929.89, 2823.88]"
2026-09-29T08:40Z,Teesta,Sevoke,26.75,88.545,923.7,117,2026-09-29,"[923.7, 825.04, 740.31, 675.08, 634.33, 622.73, 608.54]"
2026-09-29T08:40Z,Siang / Brahmaputra,Pasighat,28.06,95.33,4507.17,82,2026-09-29,"[4507.17, 4404.55, 4284.49, 4225.69, 4215.97, 4435.09, 4374.22]"
2026-09-29T16:34Z,Indus,Leh,34.13,77.45,261.42,164,2026-09-29,"[261.42, 289.4, 294.8, 283.45, 270.64, 259.02, 248.46]"
2026-09-29T16:34Z,Indus,Skardu,35.48,75.4,1118.44,130,2026-09-29,"[1118.44, 1108.18, 1110.73, 1090.44, 1055.82, 1024.65, 992.12]"
2026-09-29T16:34Z,Jhelum,Srinagar,34.23,74.65,213.29,88,2026-09-29,"[213.29, 209.86, 205.54, 201.3, 197.15, 193.09, 189.11]"
2026-09-29T16:34Z,Chenab,Akhnoor,32.815,74.59,440.57,82,2026-09-29,"[440.57, 432.51, 422.64, 413.0, 404.51, 395.28, 386.26]"
2026-09-29T16:34Z,Sutlej,Rampur,31.375,77.48,276.33,133,2026-09-29,"[276.33, 268.77, 254.86, 243.91, 235.59, 229.14, 223.39]"
2026-09-29T16:34Z,Beas,Mandi,31.785,76.855,303.79,90,2026-09-29,"[303.79, 302.39, 296.85, 290.74, 285.42, 280.84, 275.69]"
2026-09-29T16:34Z,Yamuna,Dakpathar,30.425,77.65,486.53,132,2026-09-29,"[486.53, 472.15, 453.99, 433.51, 414.91, 397.11, 379.19]"
2026-09-29T16:34Z,Ganga,Rishikesh,29.95,78.15,1195.74,149,2026-09-29,"[1195.74, 1147.15, 1098.01, 1053.39, 1010.58, 971.75, 932.25]"
2026-09-29T16:34Z,Alaknanda,Srinagar (Garhwal),30.22,78.63,598.79,149,2026-09-29,"[598.79, 579.76, 557.47, 536.03, 516.61, 497.88, 479.84]"
2026-09-29T16:34Z,Kali / Sharda,Tanakpur,28.92,79.96,1329.45,137,2026-09-29,"[1329.45, 1252.14, 1190.24, 1134.01, 1085.43, 1036.53, 994.41]"
2026-09-29T16:34Z,Karnali,Chisapani,28.565,81.215,4324.14,185,2026-09-29,"[4324.14, 3800.89, 3514.6, 3310.31, 3132.29, 2991.27, 2856.59]"
2026-09-29T16:34Z,Narayani / Gandaki,Narayanghat,27.7,84.355,5139.44,181,2026-09-29,"[5139.44, 4665.59, 4254.98, 3961.78, 3731.5, 3538.97, 3371.87]"
2026-09-29T16:34Z,Koshi,Chatara,26.795,87.085,3836.07,118,2026-09-29,"[3836.07, 3530.83, 3310.31, 3146.75, 3018.95, 2909.72, 2804.43]"
2026-09-29T16:34Z,Teesta,Sevoke,26.75,88.545,923.7,117,2026-09-29,"[923.7, 821.24, 738.61, 668.88, 638.73, 653.64, 638.73]"
2026-09-29T16:34Z,Siang / Brahmaputra,Pasighat,28.06,95.33,4507.17,82,2026-09-29,"[4507.17, 4384.31, 4254.98, 4148.54, 4314.19, 4741.42, 5456.58]"
2026-09-29T22:21Z,Indus,Leh,34.13,77.45,261.42,164,2026-09-29,"[261.42, 289.4, 294.8, 283.45, 270.64, 259.02, 248.46]"
2026-09-29T22:21Z,Indus,Skardu,35.48,75.4,1118.44,130,2026-09-29,"[1118.44, 1108.18, 1110.73, 1090.44, 1055.82, 1024.65, 992.12]"
2026-09-29T22:21Z,Jhelum,Srinagar,34.23,74.65,213.29,88,2026-09-29,"[213.29, 209.86, 205.54, 201.3, 197.15, 193.09, 189.11]"
2026-09-29T22:21Z,Chenab,Akhnoor,32.815,74.59,440.57,82,2026-09-29,"[440.57, 432.51, 422.64, 413.0, 404.51, 395.28, 386.26]"
2026-09-29T22:21Z,Sutlej,Rampur,31.375,77.48,276.33,133,2026-09-29,"[276.33, 268.77, 254.86, 243.91, 235.59, 229.14, 223.39]"
2026-09-29T22:21Z,Beas,Mandi,31.785,76.855,303.79,90,2026-09-29,"[303.79, 302.39, 296.85, 290.74, 285.42, 280.84, 275.69]"
2026-09-29T22:21Z,Yamuna,Dakpathar,30.425,77.65,486.53,132,2026-09-29,"[486.53, 472.15, 453.99, 433.51, 414.91, 397.11, 379.19]"
2026-09-29T22:21Z,Ganga,Rishikesh,29.95,78.15,1195.74,149,2026-09-29,"[1195.74, 1147.15, 1098.01, 1053.39, 1010.58, 971.75, 932.25]"
2026-09-29T22:21Z,Alaknanda,Srinagar (Garhwal),30.22,78.63,598.79,149,2026-09-29,"[598.79, 579.76, 557.47, 536.03, 516.61, 497.88, 479.84]"
2026-09-29T22:21Z,Kali / Sharda,Tanakpur,28.92,79.96,1329.45,137,2026-09-29,"[1329.45, 1252.14, 1190.24, 1134.01, 1085.43, 1036.53, 994.41]"
2026-09-29T22:21Z,Karnali,Chisapani,28.565,81.215,4324.14,185,2026-09-29,"[4324.14, 3800.89, 3514.6, 3310.31, 3132.29, 2991.27, 2856.59]"
2026-09-29T22:21Z,Narayani / Gandaki,Narayanghat,27.7,84.355,5139.44,181,2026-09-29,"[5139.44, 4665.59, 4254.98, 3961.78, 3731.5, 3538.97, 3371.87]"
2026-09-29T22:21Z,Koshi,Chatara,26.795,87.085,3836.07,118,2026-09-29,"[3836.07, 3530.83, 3310.31, 3146.75, 3018.95, 2909.72, 2804.43]"
2026-09-29T22:21Z,Teesta,Sevoke,26.75,88.545,923.7,117,2026-09-29,"[923.7, 821.24, 738.61, 668.88, 638.73, 653.64, 638.73]"
2026-09-29T22:21Z,Siang / Brahmaputra,Pasighat,28.06,95.33,4507.17,82,2026-09-29,"[4507.17, 4384.31, 4254.98, 4148.54, 4314.19, 4741.42, 5456.58]"
2026-09-30T05:39Z,Indus,Leh,34.13,77.45,289.4,187,2026-09-30,"[289.4, 294.8, 283.45, 270.64, 259.02, 248.46, 238.88]"
2026-09-30T05:39Z,Indus,Skardu,35.48,75.4,1108.18,132,2026-09-30,"[1108.18, 1110.73, 1090.44, 1055.82, 1024.65, 992.12, 962.83]"
2026-09-30T05:39Z,Jhelum,Srinagar,34.23,74.65,209.86,89,2026-09-30,"[209.86, 205.54, 201.3, 197.15, 193.09, 189.11, 184.78]"
2026-09-30T05:39Z,Chenab,Akhnoor,32.815,74.59,432.51,83,2026-09-30,"[432.51, 422.64, 413.0, 404.51, 395.28, 386.26, 376.57]"
2026-09-30T05:39Z,Sutlej,Rampur,31.375,77.48,268.77,131,2026-09-30,"[268.77, 254.86, 243.91, 235.59, 229.14, 223.39, 218.28]"
2026-09-30T05:39Z,Beas,Mandi,31.785,76.855,302.39,90,2026-09-30,"[302.39, 296.85, 290.74, 285.42, 280.84, 275.69, 270.64]"
2026-09-30T05:39Z,Yamuna,Dakpathar,30.425,77.65,472.15,131,2026-09-30,"[472.15, 453.99, 433.51, 414.91, 397.11, 379.19, 363.75]"
2026-09-30T05:39Z,Ganga,Rishikesh,29.95,78.15,1147.15,145,2026-09-30,"[1147.15, 1098.01, 1053.39, 1010.58, 971.75, 932.25, 896.43]"
2026-09-30T05:39Z,Alaknanda,Srinagar (Garhwal),30.22,78.63,579.76,147,2026-09-30,"[579.76, 557.47, 536.03, 516.61, 497.88, 479.84, 462.45]"
2026-09-30T05:39Z,Kali / Sharda,Tanakpur,28.92,79.96,1252.14,134,2026-09-30,"[1252.14, 1190.24, 1134.01, 1085.43, 1036.53, 994.41, 951.8]"
2026-09-30T05:39Z,Karnali,Chisapani,28.565,81.215,3800.89,169,2026-09-30,"[3800.89, 3514.6, 3310.31, 3132.29, 2991.27, 2856.59, 2727.98]"
2026-09-30T05:39Z,Narayani / Gandaki,Narayanghat,27.7,84.355,4665.59,168,2026-09-30,"[4665.59, 4254.98, 3961.78, 3731.5, 3538.97, 3371.87, 3220.07]"
2026-09-30T05:39Z,Koshi,Chatara,26.795,87.085,3530.83,110,2026-09-30,"[3530.83, 3310.31, 3146.75, 3018.95, 2909.72, 2804.43, 2702.96]"
2026-09-30T05:39Z,Teesta,Sevoke,26.75,88.545,821.24,106,2026-09-30,"[821.24, 738.61, 668.88, 638.73, 653.64, 638.73, 590.56]"
2026-09-30T05:39Z,Siang / Brahmaputra,Pasighat,28.06,95.33,4384.31,81,2026-09-30,"[4384.31, 4254.98, 4148.54, 4314.19, 4741.42, 5456.58, 4896.79]"
2026-09-30T12:42Z,Indus,Leh,34.13,77.45,289.4,187,2026-09-30,"[289.4, 295.48, 284.1, 271.27, 259.62, 249.03, 239.99]"
2026-09-30T12:42Z,Indus,Skardu,35.48,75.4,1108.18,132,2026-09-30,"[1108.18, 1113.29, 1092.96, 1060.7, 1027.02, 996.7, 969.51]"
2026-09-30T12:42Z,Jhelum,Srinagar,34.23,74.65,209.86,89,2026-09-30,"[209.86, 205.54, 201.3, 197.15, 193.09, 189.11, 184.78]"
2026-09-30T12:42Z,Chenab,Akhnoor,32.815,74.59,432.51,83,2026-09-30,"[432.51, 420.7, 412.05, 403.58, 394.37, 385.37, 375.7]"
2026-09-30T12:42Z,Sutlej,Rampur,31.375,77.48,268.77,131,2026-09-30,"[268.77, 254.27, 243.34, 235.05, 228.61, 222.87, 217.78]"
2026-09-30T12:42Z,Beas,Mandi,31.785,76.855,302.39,90,2026-09-30,"[302.39, 295.48, 290.07, 284.1, 279.54, 274.42, 269.4]"
2026-09-30T12:42Z,Yamuna,Dakpathar,30.425,77.65,472.15,131,2026-09-30,"[472.15, 448.78, 429.53, 411.1, 393.46, 376.57, 360.41]"
2026-09-30T12:42Z,Ganga,Rishikesh,29.95,78.15,1147.15,145,2026-09-30,"[1147.15, 1098.01, 1053.39, 1010.58, 969.51, 932.25, 896.43]"
2026-09-30T12:42Z,Alaknanda,Srinagar (Garhwal),30.22,78.63,579.76,147,2026-09-30,"[579.76, 558.76, 537.27, 517.8, 499.03, 480.95, 464.59]"
2026-09-30T12:42Z,Kali / Sharda,Tanakpur,28.92,79.96,1252.14,134,2026-09-30,"[1252.14, 1190.24, 1134.01, 1085.43, 1036.53, 994.41, 953.99]"
2026-09-30T12:42Z,Karnali,Chisapani,28.565,81.215,3800.89,169,2026-09-30,"[3800.89, 3514.6, 3310.31, 3139.51, 2991.27, 2856.59, 2734.27]"
2026-09-30T12:42Z,Narayani / Gandaki,Narayanghat,27.7,84.355,4665.59,168,2026-09-30,"[4665.59, 4254.98, 3961.78, 3731.5, 3547.13, 3371.87, 3220.07]"
2026-09-30T12:42Z,Koshi,Chatara,26.795,87.085,3530.83,110,2026-09-30,"[3530.83, 3310.31, 3139.51, 3005.08, 2889.68, 2785.12, 2684.34]"
2026-09-30T12:42Z,Teesta,Sevoke,26.75,88.545,821.24,106,2026-09-30,"[821.24, 743.73, 671.98, 624.17, 609.94, 590.56, 552.35]"
2026-09-30T12:42Z,Siang / Brahmaputra,Pasighat,28.06,95.33,4384.31,81,2026-09-30,"[4384.31, 4225.69, 4129.47, 4274.63, 4676.35, 5115.82, 4885.52]"
2026-09-30T19:26Z,Indus,Leh,34.13,77.45,289.4,187,2026-09-30,"[289.4, 295.48, 284.1, 271.27, 259.62, 249.03, 239.99]"
2026-09-30T19:26Z,Indus,Skardu,35.48,75.4,1108.18,132,2026-09-30,"[1108.18, 1113.29, 1092.96, 1060.7, 1027.02, 996.7, 969.51]"
2026-09-30T19:26Z,Jhelum,Srinagar,34.23,74.65,209.86,89,2026-09-30,"[209.86, 205.54, 201.3, 197.15, 193.09, 189.11, 184.78]"
2026-09-30T19:26Z,Chenab,Akhnoor,32.815,74.59,432.51,83,2026-09-30,"[432.51, 420.7, 412.05, 403.58, 394.37, 385.37, 375.7]"
2026-09-30T19:26Z,Sutlej,Rampur,31.375,77.48,268.77,131,2026-09-30,"[268.77, 254.27, 243.34, 235.05, 228.61, 222.87, 217.78]"
2026-09-30T19:26Z,Beas,Mandi,31.785,76.855,302.39,90,2026-09-30,"[302.39, 295.48, 290.07, 284.1, 279.54, 274.42, 269.4]"
2026-09-30T19:26Z,Yamuna,Dakpathar,30.425,77.65,472.15,131,2026-09-30,"[472.15, 448.78, 429.53, 411.1, 393.46, 376.57, 360.41]"
2026-09-30T19:26Z,Ganga,Rishikesh,29.95,78.15,1147.15,145,2026-09-30,"[1147.15, 1098.01, 1053.39, 1010.58, 969.51, 932.25, 896.43]"
2026-09-30T19:26Z,Alaknanda,Srinagar (Garhwal),30.22,78.63,579.76,147,2026-09-30,"[579.76, 558.76, 537.27, 517.8, 499.03, 480.95, 464.59]"
2026-09-30T19:26Z,Kali / Sharda,Tanakpur,28.92,79.96,1252.14,134,2026-09-30,"[1252.14, 1190.24, 1134.01, 1085.43, 1036.53, 994.41, 953.99]"
2026-09-30T19:26Z,Karnali,Chisapani,28.565,81.215,3800.89,169,2026-09-30,"[3800.89, 3514.6, 3310.31, 3139.51, 2991.27, 2856.59, 2734.27]"
2026-09-30T19:26Z,Narayani / Gandaki,Narayanghat,27.7,84.355,4665.59,168,2026-09-30,"[4665.59, 4254.98, 3961.78, 3731.5, 3547.13, 3371.87, 3220.07]"
2026-09-30T19:26Z,Koshi,Chatara,26.795,87.085,3530.83,110,2026-09-30,"[3530.83, 3310.31, 3139.51, 3005.08, 2889.68, 2785.12, 2684.34]"
2026-09-30T19:26Z,Teesta,Sevoke,26.75,88.545,821.24,106,2026-09-30,"[821.24, 743.73, 671.98, 624.17, 609.94, 590.56, 552.35]"
2026-09-30T19:26Z,Siang / Brahmaputra,Pasighat,28.06,95.33,4384.31,81,2026-09-30,"[4384.31, 4225.69, 4129.47, 4274.63, 4676.35, 5115.82, 4885.52]"
2026-09-30T23:55Z,Indus,Leh,34.13,77.45,289.4,187,2026-09-30,"[289.4, 295.48, 284.1, 271.27, 259.62, 249.03, 239.99]"
2026-09-30T23:55Z,Indus,Skardu,35.48,75.4,1108.18,132,2026-09-30,"[1108.18, 1113.29, 1092.96, 1060.7, 1027.02, 996.7, 969.51]"
2026-09-30T23:55Z,Jhelum,Srinagar,34.23,74.65,209.86,89,2026-09-30,"[209.86, 205.54, 201.3, 197.15, 193.09, 189.11, 184.78]"
2026-09-30T23:55Z,Chenab,Akhnoor,32.815,74.59,432.51,83,2026-09-30,"[432.51, 420.7, 412.05, 403.58, 394.37, 385.37, 375.7]"
2026-09-30T23:55Z,Sutlej,Rampur,31.375,77.48,268.77,131,2026-09-30,"[268.77, 254.27, 243.34, 235.05, 228.61, 222.87, 217.78]"
2026-09-30T23:55Z,Beas,Mandi,31.785,76.855,302.39,90,2026-09-30,"[302.39, 295.48, 290.07, 284.1, 279.54, 274.42, 269.4]"
2026-09-30T23:55Z,Yamuna,Dakpathar,30.425,77.65,472.15,131,2026-09-30,"[472.15, 448.78, 429.53, 411.1, 393.46, 376.57, 360.41]"
2026-09-30T23:55Z,Ganga,Rishikesh,29.95,78.15,1147.15,145,2026-09-30,"[1147.15, 1098.01, 1053.39, 1010.58, 969.51, 932.25, 896.43]"
2026-09-30T23:55Z,Alaknanda,Srinagar (Garhwal),30.22,78.63,579.76,147,2026-09-30,"[579.76, 558.76, 537.27, 517.8, 499.03, 480.95, 464.59]"
2026-09-30T23:55Z,Kali / Sharda,Tanakpur,28.92,79.96,1252.14,134,2026-09-30,"[1252.14, 1190.24, 1134.01, 1085.43, 1036.53, 994.41, 953.99]"
2026-09-30T23:55Z,Karnali,Chisapani,28.565,81.215,3800.89,169,2026-09-30,"[3800.89, 3514.6, 3310.31, 3139.51, 2991.27, 2856.59, 2734.27]"
2026-09-30T23:55Z,Narayani / Gandaki,Narayanghat,27.7,84.355,4665.59,168,2026-09-30,"[4665.59, 4254.98, 3961.78, 3731.5, 3547.13, 3371.87, 3220.07]"
2026-09-30T23:55Z,Koshi,Chatara,26.795,87.085,3530.83,110,2026-09-30,"[3530.83, 3310.31, 3139.51, 3005.08, 2889.68, 2785.12, 2684.34]"
2026-09-30T23:55Z,Teesta,Sevoke,26.75,88.545,821.24,106,2026-09-30,"[821.24, 743.73, 671.98, 624.17, 609.94, 590.56, 552.35]"
2026-09-30T23:55Z,Siang / Brahmaputra,Pasighat,28.06,95.33,4384.31,81,2026-09-30,"[4384.31, 4225.69, 4129.47, 4274.63, 4676.35, 5115.82, 4885.52]"
