build_utc,obs_utc,id,name,elev_m,temp_c,dewpoint_c,wind_dir,wind_kt,qnh_hpa,wx,vis,cover,raw
2026-09-25T15:54Z,2026-09-25T15:30Z,OPIS,Islamabad/Gandhara Intl,542,23,20,230,4,1007,,3.73,CLR,METAR OPIS 251530Z 23004KT 6000 NSC 23/20 Q1007 NOSIG
2026-09-25T15:54Z,2026-09-25T15:30Z,OPST,Sailkot Arpt,234,30,22,0,0,1005,FU,2.49,CLR,METAR OPST 251530Z 00000KT 4000 FU NSC 30/22 Q1005 NOSIG RH65
2026-09-25T15:54Z,2026-09-25T14:30Z,VISR,Srinagar Intl,1655,19,12,VRB,2,1016,,3.73,FEW,METAR VISR 251430Z VRB02KT 6000 FEW025 19/12 Q1016 NOSIG
2026-09-25T15:54Z,2026-09-25T14:30Z,VICG,Chandigarh/Singh Intl,316,27,22,210,3,1006,,3.73,SCT,METAR VICG 251430Z 21003KT 6000 SCT025 27/22 Q1006 NOSIG
2026-09-25T15:54Z,2026-09-25T14:30Z,VILH,Leh Kushok Bakula Arpt,3256,17,-2,300,20,1020,,3.73,SCT,METAR VILH 251430Z 30020G30KT 6000 FEW070 SCT150 17/M02 Q1020 TEMPO 29025KT
2026-09-25T15:54Z,2026-09-25T15:00Z,VIDN,Dehradun Arpt,550,23,22,70,3,1009,BR,1.86,SCT,METAR VIDN 251500Z 07003KT 3000 BR SCT030 23/22 Q1009 NOSIG
2026-09-25T15:54Z,2026-09-25T15:30Z,VNKT,Kathmandu/Tribhuvan Intl,1334,17,17,90,3,1017,-RA,3.73,OVC,METAR VNKT 251530Z 09003KT 6000 -RA FEW008 SCT025 OVC090 17/17 Q1017 NOSIG
2026-09-25T15:54Z,2026-09-25T14:30Z,VEBD,Siliguri/Bagdogra Arpt,126,28,21,VRB,2,1010,,3.73,BKN,METAR VEBD 251430Z VRB02KT 6000 SCT025 BKN080 28/21 Q1010 NOSIG
2026-09-25T15:54Z,2026-09-25T13:00Z,VELR,N Lakhimpur/Lilabari Arpt,101,28,25,0,0,1009,BR,2.49,FEW,METAR VELR 251300Z 00000KT 4000 BR FEW020 28/25 Q1009 NOSIG
2026-09-25T15:54Z,2026-09-25T13:00Z,VEMN,Dibrugarh Arpt,111,31,26,VRB,2,1008,BR,3.11,SCT,METAR VEMN 251300Z VRB02KT 5000 BR SCT100 31/26 Q1008 NOSIG
2026-09-25T16:00Z,2026-09-25T16:00Z,OPST,Sailkot Arpt,234,29,22,0,0,1006,FU,2.49,CLR,METAR OPST 251600Z 00000KT 4000 FU NSC 29/22 Q1006 NOSIG RH68
2026-09-25T16:00Z,2026-09-25T15:30Z,VISR,Srinagar Intl,1655,18,11,VRB,2,1017,,3.73,FEW,METAR VISR 251530Z VRB02KT 6000 FEW025 18/11 Q1017 NOSIG
2026-09-25T16:00Z,2026-09-25T15:30Z,VICG,Chandigarh/Singh Intl,316,27,22,VRB,2,1007,,3.73,SCT,METAR VICG 251530Z VRB02KT 6000 SCT025 27/22 Q1007 NOSIG
2026-09-25T16:00Z,2026-09-25T15:30Z,VILH,Leh Kushok Bakula Arpt,3256,16,-2,300,18,1021,,3.73,SCT,METAR VILH 251530Z 30018G28KT 6000 FEW070 SCT150 16/M02 Q1021 TEMPO 29025KT
2026-09-25T16:00Z,2026-09-25T16:00Z,VNKT,Kathmandu/Tribhuvan Intl,1334,17,17,0,0,1017,-RA,3.73,OVC,METAR VNKT 251600Z 00000KT 6000 -RA FEW008 SCT025 OVC090 17/17 Q1017 NOSIG
2026-09-25T16:00Z,2026-09-25T15:30Z,VEBD,Siliguri/Bagdogra Arpt,126,27,21,VRB,2,1010,,3.73,BKN,METAR VEBD 251530Z VRB02KT 6000 SCT025 BKN090 27/21 Q1010 NOSIG
2026-09-25T20:03Z,2026-09-25T20:00Z,OPIS,Islamabad/Gandhara Intl,542,20,18,90,4,1007,,3.73,CLR,METAR OPIS 252000Z 09004KT 6000 NSC 20/18 Q1007 NOSIG
2026-09-25T20:03Z,2026-09-25T20:00Z,OPST,Sailkot Arpt,234,26,22,0,0,1006,FU,2.49,CLR,METAR OPST 252000Z 00000KT 4000 FU NSC 26/22 Q1006 NOSIG RH80
2026-09-25T20:03Z,2026-09-25T19:30Z,VISR,Srinagar Intl,1655,14,11,220,4,1017,,3.73,FEW,METAR VISR 251930Z 22004KT 6000 FEW025 14/11 Q1017 NOSIG
2026-09-25T20:03Z,2026-09-25T19:30Z,VICG,Chandigarh/Singh Intl,316,26,22,VRB,2,1007,,3.73,SCT,METAR VICG 251930Z VRB02KT 6000 SCT025 26/22 Q1007 NOSIG
2026-09-25T20:03Z,2026-09-25T19:30Z,VILH,Leh Kushok Bakula Arpt,3256,15,-4,300,10,1022,,3.73,SCT,METAR VILH 251930Z 30010KT 6000 FEW070 SCT150 15/M04 Q1022 NOSIG
2026-09-25T20:03Z,2026-09-25T20:00Z,VNKT,Kathmandu/Tribhuvan Intl,1334,17,17,0,0,1016,,4.35,OVC,METAR VNKT 252000Z 00000KT 7000 FEW008 SCT025 OVC090 17/17 Q1016 NOSIG
2026-09-25T20:03Z,2026-09-25T19:30Z,VEBD,Siliguri/Bagdogra Arpt,126,28,21,VRB,2,1009,,3.73,BKN,METAR VEBD 251930Z VRB02KT 6000 SCT025 BKN090 28/21 Q1009 NOSIG
2026-09-25T23:20Z,2026-09-25T23:00Z,OPIS,Islamabad/Gandhara Intl,542,19,18,90,4,1007,FU,2.49,CLR,METAR OPIS 252300Z 09004KT 4000 FU NSC 19/18 Q1007 TEMPO 3500
2026-09-25T23:20Z,2026-09-25T23:00Z,OPST,Sailkot Arpt,234,25,22,0,0,1005,FU,2.17,CLR,METAR OPST 252300Z 00000KT 3500 FU NSC 25/22 Q1005 NOSIG RH83
2026-09-25T23:20Z,2026-09-25T22:30Z,VISR,Srinagar Intl,1655,10,9,VRB,2,1017,,3.73,FEW,METAR VISR 252230Z VRB02KT 6000 FEW025 10/09 Q1017 NOSIG
2026-09-25T23:20Z,2026-09-25T22:30Z,VICG,Chandigarh/Singh Intl,316,25,22,VRB,2,1005,BR,3.11,SCT,METAR VICG 252230Z VRB02KT 5000 BR SCT020 SCT100 25/22 Q1005 NOSIG
2026-09-25T23:20Z,2026-09-25T22:30Z,VILH,Leh Kushok Bakula Arpt,3256,12,-3,290,10,1022,,3.73,SCT,METAR VILH 252230Z 29010KT 6000 FEW070 SCT150 12/M03 Q1022 NOSIG
2026-09-25T23:20Z,2026-09-25T23:00Z,VNKT,Kathmandu/Tribhuvan Intl,1334,17,16,40,4,1015,,4.35,OVC,METAR VNKT 252300Z 04004KT 7000 FEW008 SCT025 OVC090 17/16 Q1015 NOSIG
2026-09-25T23:20Z,2026-09-25T22:30Z,VEBD,Siliguri/Bagdogra Arpt,126,26,22,60,3,1009,,3.73,BKN,METAR VEBD 252230Z 06003KT 6000 SCT020 BKN090 26/22 Q1009 TEMPO -RA
2026-09-25T23:20Z,2026-09-25T23:00Z,VQPR,Paro Intl,2227,13,13,0,0,1026,,3.11,OVC,METAR VQPR 252300Z 00000KT 5000 FEW010 SCT025 OVC050 13/13 Q1026
2026-09-26T05:05Z,2026-09-26T05:00Z,OPIS,Islamabad/Gandhara Intl,542,27,18,310,8,1007,,3.73,CLR,METAR OPIS 260500Z 31008KT 6000 NSC 27/18 Q1007 NOSIG
2026-09-26T05:05Z,2026-09-26T05:00Z,OPST,Sailkot Arpt,234,30,24,130,4,1006,FU,2.17,FEW,METAR OPST 260500Z 13004KT 3500 FU FEW040 30/24 Q1006 NOSIG RH71
2026-09-26T05:05Z,2026-09-26T04:30Z,VISR,Srinagar Intl,1655,21,7,VRB,2,1018,HZ,3.11,FEW,METAR VISR 260430Z VRB02KT 5000 HZ FEW025 21/07 Q1018 NOSIG
2026-09-26T05:05Z,2026-09-26T05:00Z,VIGG,Kangra Arpt,760,27,22,0,0,1009,BR,3.11,SCT,METAR VIGG 260500Z 00000KT 5000 BR FEW025 SCT080 27/22 Q1009
2026-09-26T05:05Z,2026-09-26T04:30Z,VICG,Chandigarh/Singh Intl,316,27,23,170,4,1007,BR,1.86,BKN,METAR VICG 260430Z 17004KT 3000 BR FEW015 SCT025 BKN090 27/23 Q1007 BECMG 4000
2026-09-26T05:05Z,2026-09-26T04:30Z,VIBR,Bhuntar Arpt,1089,23,15,180,3,1011,HZ,3.11,FEW,METAR VIBR 260430Z 18003KT 5000 HZ FEW030 23/15 Q1011
2026-09-26T05:05Z,2026-09-26T04:30Z,VILH,Leh Kushok Bakula Arpt,3256,16,-3,320,10,1023,,3.73,SCT,METAR VILH 260430Z 32010KT 6000 SCT070 16/M03 Q1023 NOSIG
2026-09-26T05:05Z,2026-09-26T05:00Z,VIDN,Dehradun Arpt,550,22,22,160,4,1009,RA,1.24,OVC,METAR VIDN 260500Z 16004KT 2000 RA SCT008 BKN015 FEW030CB OVC060 22/22 Q1009 TEMPO 1500 RA
2026-09-26T05:05Z,2026-09-26T05:00Z,VIPT,Pantnagar Arpt,236,20,20,300,8,1005,RA,1.12,OVC,METAR VIPT 260500Z 30008KT 1800 RA FEW010 SCT020 OVC080 20/20 Q1005
2026-09-26T05:05Z,2026-09-26T05:00Z,VNKT,Kathmandu/Tribhuvan Intl,1334,22,16,90,9,1017,,4.97,BKN,METAR VNKT 260500Z 09009KT 8000 FEW015 SCT030 BKN100 22/16 Q1017 NOSIG
2026-09-26T05:05Z,2026-09-26T04:30Z,VEBD,Siliguri/Bagdogra Arpt,126,32,23,40,5,1011,,3.73,BKN,METAR VEBD 260430Z 04005KT 6000 SCT025 BKN090 32/23 Q1011 NOSIG
2026-09-26T05:05Z,2026-09-26T05:00Z,VEPY,Pakyong Arpt,1399,19,17,30,3,1021,BR,3.11,OVC,METAR VEPY 260500Z 03003KT 5000 BR FEW007 BKN016 OVC080 19/17 Q1021 NOSIG
2026-09-26T05:05Z,2026-09-26T05:00Z,VQPR,Paro Intl,2227,16,14,350,5,1027,,3.73,OVC,METAR VQPR 260500Z 35005KT 320V050 6000 FEW020 SCT030 OVC060 16/14 Q1027
2026-09-26T05:05Z,2026-09-26T05:00Z,VECO,Cooch Behar Arpt,48,32,24,300,2,1010,HZ,2.8,SCT,METAR VECO 260500Z 30002KT 4500 HZ SCT020 SCT100 32/24 Q1010 BECMG 5000 HZ
2026-09-26T05:05Z,2026-09-26T05:00Z,VELR,N Lakhimpur/Lilabari Arpt,101,31,26,30,3,1010,,3.73,SCT,METAR VELR 260500Z 03003KT 6000 SCT025 31/26 Q1010 NOSIG
2026-09-26T05:05Z,2026-09-26T04:30Z,VEMN,Dibrugarh Arpt,111,33,25,VRB,2,1011,,3.73,SCT,METAR VEMN 260430Z VRB02KT 6000 FEW025 SCT100 33/25 Q1011 NOSIG
2026-09-26T05:05Z,2026-09-26T04:30Z,VETJ,Tezu Arpt,244,33,23,0,0,1011,HZ,3.11,FEW,METAR VETJ 260430Z 00000KT 5000 HZ FEW100 33/23 Q1011 NOSIG
2026-09-26T13:08Z,2026-09-26T13:00Z,OPIS,Islamabad/Gandhara Intl,542,27,18,270,4,1004,,3.73,CLR,METAR OPIS 261300Z 27004KT 6000 NSC 27/18 Q1004 NOSIG
2026-09-26T13:08Z,2026-09-26T13:00Z,OPST,Sailkot Arpt,234,31,21,230,4,1002,FU,3.11,CLR,METAR OPST 261300Z 23004KT 5000 FU NSC 31/21 Q1002 NOSIG RH54
2026-09-26T13:08Z,2026-09-26T10:30Z,VISR,Srinagar Intl,1655,28,3,150,5,1013,,3.73,FEW,METAR VISR 261030Z 15005KT 6000 FEW025 28/03 Q1013 NOSIG
2026-09-26T13:08Z,2026-09-26T10:30Z,VICG,Chandigarh/Singh Intl,316,30,25,160,6,1004,TS,2.8,BKN,METAR VICG 261030Z 16006KT 4500 TS SCT020 FEW030CB BKN090 30/25 Q1004 TEMPO TSRA
2026-09-26T13:08Z,2026-09-26T10:30Z,VILH,Leh Kushok Bakula Arpt,3256,22,-4,300,9,1017,,3.73,SCT,METAR VILH 261030Z 30009KT 6000 FEW070 SCT120 22/M04 Q1017 NOSIG
2026-09-26T13:08Z,2026-09-26T13:00Z,VIDN,Dehradun Arpt,550,20,20,180,3,1007,-RA,1.24,OVC,METAR VIDN 261300Z 18003KT 2000 -RA SCT008 BKN015 FEW030CB OVC060 20/20 Q1007 NOSIG
2026-09-26T13:08Z,2026-09-26T11:00Z,VIPT,Pantnagar Arpt,236,20,20,320,4,1002,RA,1.24,OVC,METAR VIPT 261100Z 32004KT 2000 RA FEW010 SCT020 OVC080 20/20 Q1002
2026-09-26T13:08Z,2026-09-26T12:30Z,VNKT,Kathmandu/Tribhuvan Intl,1334,19,18,50,7,1015,DZ,4.97,BKN,METAR VNKT 261230Z 05007KT 8000 DZ FEW010 SCT030 BKN100 19/18 Q1015 NOSIG
2026-09-26T13:08Z,2026-09-26T10:30Z,VEBD,Siliguri/Bagdogra Arpt,126,33,25,160,6,1006,,3.73,SCT,METAR VEBD 261030Z 16006KT 6000 FEW025 SCT100 33/25 Q1006 NOSIG
2026-09-26T13:08Z,2026-09-26T12:00Z,VEPY,Pakyong Arpt,1399,21,18,0,0,1018,BR,3.11,BKN,METAR VEPY 261200Z 00000KT 5000 BR SCT016 BKN100 21/18 Q1018 NOSIG
2026-09-26T13:08Z,2026-09-26T11:00Z,VQPR,Paro Intl,2227,19,16,0,0,1022,,6+,SCT,METAR VQPR 261100Z 00000KT 9999 SCT065 19/16 Q1022
2026-09-26T13:08Z,2026-09-26T12:00Z,VECO,Cooch Behar Arpt,48,29,26,0,0,1007,HZ,2.17,SCT,METAR VECO 261200Z 00000KT 3500 HZ FEW020 SCT100 29/26 Q1007 BECMG 3000 HZ
2026-09-26T13:08Z,2026-09-26T13:00Z,VELR,N Lakhimpur/Lilabari Arpt,101,29,26,0,0,1007,BR,2.17,FEW,METAR VELR 261300Z 00000KT 3500 BR FEW020 29/26 Q1007 BECMG 3000 BR
2026-09-26T13:08Z,2026-09-26T13:00Z,VEMN,Dibrugarh Arpt,111,30,27,0,0,1007,BR,3.11,FEW,METAR VEMN 261300Z 00000KT 5000 BR FEW020 30/27 Q1007 NOSIG
2026-09-26T16:28Z,2026-09-26T16:00Z,OPIS,Islamabad/Gandhara Intl,542,23,19,0,0,1005,,3.73,CLR,METAR OPIS 261600Z 00000KT 6000 NSC 23/19 Q1005 NOSIG
2026-09-26T16:28Z,2026-09-26T16:00Z,OPST,Sailkot Arpt,234,28,21,0,0,1004,FU,2.49,CLR,METAR OPST 261600Z 00000KT 4000 FU NSC 28/21 Q1004 NOSIG RH67
2026-09-26T16:28Z,2026-09-26T15:30Z,VISR,Srinagar Intl,1655,19,8,VRB,2,1015,,3.73,FEW,METAR VISR 261530Z VRB02KT 6000 FEW025 19/08 Q1015 NOSIG
2026-09-26T16:28Z,2026-09-26T15:30Z,VICG,Chandigarh/Singh Intl,316,25,20,120,4,1005,,3.73,BKN,METAR VICG 261530Z 12004KT 6000 SCT020 BKN090 25/20 Q1005 NOSIG
2026-09-26T16:28Z,2026-09-26T15:30Z,VILH,Leh Kushok Bakula Arpt,3256,15,-5,290,10,1019,,3.73,FEW,METAR VILH 261530Z 29010G20KT 6000 FEW070 15/M05 Q1019 NOSIG
2026-09-26T16:28Z,2026-09-26T15:30Z,VIDN,Dehradun Arpt,550,20,19,230,3,1007,-RA,1.24,OVC,METAR VIDN 261530Z 23003KT 2000 -RA SCT008 BKN015 FEW030CB OVC060 20/19 Q1007 NOSIG
2026-09-26T16:28Z,2026-09-26T16:00Z,VNKT,Kathmandu/Tribhuvan Intl,1334,20,17,130,5,1016,,4.97,BKN,METAR VNKT 261600Z 13005KT 8000 FEW010 SCT030 BKN100 20/17 Q1016 NOSIG
2026-09-26T16:28Z,2026-09-26T15:30Z,VEBD,Siliguri/Bagdogra Arpt,126,28,26,VRB,1,1009,,3.73,BKN,METAR VEBD 261530Z VRB01KT 6000 FEW025 BKN090 28/26 Q1009 NOSIG
2026-09-26T21:14Z,2026-09-26T21:00Z,OPIS,Islamabad/Gandhara Intl,542,21,19,90,8,1005,,3.73,CLR,METAR OPIS 262100Z 09008KT 6000 NSC 21/19 Q1005 NOSIG
2026-09-26T21:14Z,2026-09-26T21:00Z,OPST,Sailkot Arpt,234,25,21,0,0,1004,FU,2.17,CLR,METAR OPST 262100Z 00000KT 3500 FU NSC 25/21 Q1004 NOSIG RH80
2026-09-26T21:14Z,2026-09-26T20:30Z,VISR,Srinagar Intl,1655,13,10,VRB,2,1015,,3.73,FEW,METAR VISR 262030Z VRB02KT 6000 FEW025 13/10 Q1015 NOSIG
2026-09-26T21:14Z,2026-09-26T20:30Z,VICG,Chandigarh/Singh Intl,316,23,21,VRB,2,1005,,3.73,BKN,METAR VICG 262030Z VRB02KT 6000 SCT020 BKN090 23/21 Q1005 NOSIG
2026-09-26T21:14Z,2026-09-26T20:30Z,VILH,Leh Kushok Bakula Arpt,3256,12,-5,320,5,1020,,3.73,BKN,METAR VILH 262030Z 32005KT 6000 FEW070 BKN120 12/M05 Q1020 NOSIG
2026-09-26T21:14Z,2026-09-26T21:00Z,VNKT,Kathmandu/Tribhuvan Intl,1334,19,18,30,5,1015,-RA,3.73,OVC,METAR VNKT 262100Z 03005KT 6000 -RA FEW010 SCT030 OVC090 19/18 Q1015 NOSIG
2026-09-26T21:14Z,2026-09-26T20:30Z,VEBD,Siliguri/Bagdogra Arpt,126,27,25,VRB,1,1008,,3.73,BKN,METAR VEBD 262030Z VRB01KT 6000 FEW025 BKN090 27/25 Q1008 NOSIG
2026-09-27T07:42Z,2026-09-27T07:30Z,OPIS,Islamabad/Gandhara Intl,542,31,21,130,6,1007,,3.73,CLR,METAR OPIS 270730Z 13006KT 6000 NSC 31/21 Q1007 NOSIG
2026-09-27T07:42Z,2026-09-27T07:30Z,OPST,Sailkot Arpt,234,32,22,130,8,1007,FU,2.49,FEW,METAR OPST 270730Z 13008KT 4000 FU FEW100 32/22 Q1007 NOSIG RH55
2026-09-27T07:42Z,2026-09-27T06:30Z,VISR,Srinagar Intl,1655,24,8,50,5,1016,,3.73,FEW,METAR VISR 270630Z 05005KT 6000 FEW025 24/08 Q1016 NOSIG
2026-09-27T07:42Z,2026-09-27T07:30Z,VIGG,Kangra Arpt,760,28,22,200,2,1011,HZ,3.11,BKN,METAR VIGG 270730Z 20002KT 5000 HZ FEW010 SCT030 BKN080 28/22 Q1011
2026-09-27T07:42Z,2026-09-27T06:30Z,VICG,Chandigarh/Singh Intl,316,28,22,220,3,1009,,3.73,SCT,METAR VICG 270630Z 22003KT 6000 SCT020 SCT025 28/22 Q1009 NOSIG
2026-09-27T07:42Z,2026-09-27T07:30Z,VIBR,Bhuntar Arpt,1089,28,16,160,11,1010,,3.73,SCT,METAR VIBR 270730Z 16011KT 6000 SCT030 28/16 Q1010
2026-09-27T07:42Z,2026-09-27T06:30Z,VILH,Leh Kushok Bakula Arpt,3256,18,-5,280,5,1021,,3.73,BKN,METAR VILH 270630Z 28005KT 6000 FEW070 SCT120 BKN150 18/M05 Q1021 NOSIG
2026-09-27T07:42Z,2026-09-27T07:30Z,VIDN,Dehradun Arpt,550,20,20,290,3,1011,-RA,1.24,OVC,METAR VIDN 270730Z 29003KT 2000 -RA SCT008 BKN015 FEW030CB OVC060 20/20 Q1011 NOSIG
2026-09-27T07:42Z,2026-09-27T07:30Z,VIPT,Pantnagar Arpt,236,23,23,60,7,1008,BR,3.11,OVC,METAR VIPT 270730Z 06007KT 5000 BR FEW010 SCT020 OVC090 23/23 Q1008
2026-09-27T07:42Z,2026-09-27T07:30Z,VNKT,Kathmandu/Tribhuvan Intl,1334,22,18,70,4,1017,,4.35,BKN,METAR VNKT 270730Z 07004KT 7000 FEW010 SCT030 BKN100 22/18 Q1017 NOSIG
2026-09-27T07:42Z,2026-09-27T06:30Z,VEBD,Siliguri/Bagdogra Arpt,126,35,26,210,4,1007,,3.73,SCT,METAR VEBD 270630Z 21004KT 6000 SCT025 35/26 Q1007 NOSIG
2026-09-27T07:42Z,2026-09-27T07:00Z,VEPY,Pakyong Arpt,1399,24,19,190,6,1017,BR,3.11,SCT,METAR VEPY 270700Z 19006KT 5000 BR SCT016 SCT020 24/19 Q1017 NOSIG
2026-09-27T07:42Z,2026-09-27T07:30Z,VQPR,Paro Intl,2227,23,13,20,6,1019,,6+,SCT,METAR VQPR 270730Z 02006KT 9999 FEW035 SCT070 23/13 Q1019
2026-09-27T07:42Z,2026-09-27T07:00Z,VECO,Cooch Behar Arpt,48,33,26,220,7,1007,HZ,2.49,SCT,METAR VECO 270700Z 22007KT 4000 HZ SCT020 SCT025 33/26 Q1007 NOSIG
2026-09-27T07:42Z,2026-09-27T07:30Z,VELR,N Lakhimpur/Lilabari Arpt,101,30,26,40,3,1006,BR,2.49,BKN,METAR VELR 270730Z 04003KT 4000 BR SCT020 FEW025CB BKN090 30/26 Q1006 NOSIG
2026-09-27T07:42Z,2026-09-27T07:30Z,VEMN,Dibrugarh Arpt,111,32,27,200,4,1006,HZ,3.11,FEW,METAR VEMN 270730Z 20004KT 5000 HZ SCT020 FEW025CB 32/27 Q1006 NOSIG
2026-09-27T07:42Z,2026-09-27T07:30Z,VETJ,Tezu Arpt,244,31,25,0,0,1006,HZ,3.11,BKN,METAR VETJ 270730Z 00000KT 5000 HZ SCT018 BKN100 31/25 Q1006 NOSIG
2026-09-27T07:58Z,2026-09-27T07:30Z,VISR,Srinagar Intl,1655,26,9,70,4,1016,,3.73,FEW,METAR VISR 270730Z 07004KT 6000 FEW025 26/09 Q1016 NOSIG
2026-09-27T07:58Z,2026-09-27T07:30Z,VICG,Chandigarh/Singh Intl,316,29,23,170,6,1008,,3.73,SCT,METAR VICG 270730Z 17006KT 6000 SCT020 SCT025 29/23 Q1008 NOSIG
2026-09-27T07:58Z,2026-09-27T07:30Z,VILH,Leh Kushok Bakula Arpt,3256,19,-5,300,3,1020,,3.73,SCT,METAR VILH 270730Z 30003KT 6000 FEW070 SCT120 19/M05 Q1020 NOSIG
2026-09-27T07:58Z,2026-09-27T07:30Z,VEBD,Siliguri/Bagdogra Arpt,126,35,26,190,5,1006,,3.73,SCT,METAR VEBD 270730Z 19005KT 6000 SCT025 35/26 Q1006 NOSIG
2026-09-27T08:04Z,2026-09-27T08:00Z,OPIS,Islamabad/Gandhara Intl,542,31,21,130,6,1007,,3.73,CLR,METAR OPIS 270800Z 13006KT 6000 NSC 31/21 Q1007 NOSIG
2026-09-27T08:04Z,2026-09-27T08:00Z,OPST,Sailkot Arpt,234,32,22,130,6,1007,FU,2.49,FEW,METAR OPST 270800Z 13006KT 4000 FU FEW100 32/22 Q1007 NOSIG RH55
2026-09-27T08:04Z,2026-09-27T08:00Z,VNKT,Kathmandu/Tribhuvan Intl,1334,22,17,100,9,1016,DZ,4.35,BKN,METAR VNKT 270800Z 10009KT 060V130 7000 DZ FEW010 SCT030 BKN100 22/17 Q1016 NOSIG
2026-09-27T08:04Z,2026-09-27T08:00Z,VEPY,Pakyong Arpt,1399,24,19,200,7,1016,HZ,3.11,SCT,METAR VEPY 270800Z 20007KT 5000 HZ SCT016 SCT020 24/19 Q1016 NOSIG
2026-09-27T08:04Z,2026-09-27T08:00Z,VQPR,Paro Intl,2227,24,13,VRB,3,1018,,6+,SCT,METAR VQPR 270800Z VRB03KT 9999 SCT040 24/13 Q1018
2026-09-27T08:04Z,2026-09-27T08:00Z,VELR,N Lakhimpur/Lilabari Arpt,101,30,26,30,3,1005,BR,2.49,BKN,METAR VELR 270800Z 03003KT 4000 BR SCT020 FEW025CB BKN090 30/26 Q1005 NOSIG
2026-09-27T08:08Z,2026-09-27T08:00Z,VIGG,Kangra Arpt,760,28,22,200,3,1010,HZ,3.11,BKN,METAR VIGG 270800Z 20003KT 5000 HZ FEW010 SCT030 BKN080 28/22 Q1010
2026-09-27T08:08Z,2026-09-27T08:00Z,VIBR,Bhuntar Arpt,1089,28,16,180,15,1010,,3.73,SCT,METAR VIBR 270800Z 18015KT 6000 SCT030 28/16 Q1010
2026-09-27T08:08Z,2026-09-27T08:00Z,VIDN,Dehradun Arpt,550,20,20,290,3,1011,-RA,1.24,OVC,METAR VIDN 270800Z 29003KT 2000 -RA SCT008 BKN015 FEW030CB OVC060 20/20 Q1011 NOSIG
2026-09-27T08:08Z,2026-09-27T08:00Z,VIPT,Pantnagar Arpt,236,24,23,60,8,1008,BR,3.11,OVC,METAR VIPT 270800Z 06008KT 5000 BR FEW010 SCT020 OVC090 24/23 Q1008
2026-09-27T08:08Z,2026-09-27T08:00Z,VECO,Cooch Behar Arpt,48,33,26,240,6,1006,HZ,2.8,SCT,METAR VECO 270800Z 24006KT 4500 HZ FEW020 SCT025 33/26 Q1006 BECMG 5000 HZ
2026-09-27T08:08Z,2026-09-27T08:00Z,VEMN,Dibrugarh Arpt,111,32,28,310,4,1005,BR,3.11,SCT,METAR VEMN 270800Z 31004KT 5000 BR SCT018 SCT100 32/28 Q1005 NOSIG
