build_utc,radar_t0_utc,town,dbz_now,radar_onset_min,model_rain_8h_mm
2026-09-25T15:54Z,2026-09-25T15:50Z,Gilgit,0,,1.1
2026-09-25T15:54Z,2026-09-25T15:50Z,Skardu,0,,0.0
2026-09-25T15:54Z,2026-09-25T15:50Z,Srinagar,0,,0.0
2026-09-25T15:54Z,2026-09-25T15:50Z,Leh,0,,0.0
2026-09-25T15:54Z,2026-09-25T15:50Z,Jammu,0,,0.0
2026-09-25T15:54Z,2026-09-25T15:50Z,Dharamshala,0,,0.0
2026-09-25T15:54Z,2026-09-25T15:50Z,Manali,0,,0.0
2026-09-25T15:54Z,2026-09-25T15:50Z,Kaza,0,,0.0
2026-09-25T15:54Z,2026-09-25T15:50Z,Shimla,0,,0.0
2026-09-25T15:54Z,2026-09-25T15:50Z,Dehradun,0,,0.0
2026-09-25T15:54Z,2026-09-25T15:50Z,Uttarkashi,0,,0.0
2026-09-25T15:54Z,2026-09-25T15:50Z,Joshimath,0,,0.4
2026-09-25T15:54Z,2026-09-25T15:50Z,Bhimtal,0,440,14.5
2026-09-25T15:54Z,2026-09-25T15:50Z,Pithoragarh,0,320,28.3
2026-09-25T15:54Z,2026-09-25T15:50Z,Jumla,0,,18.6
2026-09-25T15:54Z,2026-09-25T15:50Z,Jomsom,0,,22.0
2026-09-25T15:54Z,2026-09-25T15:50Z,Pokhara,0,,23.3
2026-09-25T15:54Z,2026-09-25T15:50Z,Kathmandu,0,,12.4
2026-09-25T15:54Z,2026-09-25T15:50Z,Namche Bazaar,0,60,3.7
2026-09-25T15:54Z,2026-09-25T15:50Z,Darjeeling,0,120,5.2
2026-09-25T15:54Z,2026-09-25T15:50Z,Gangtok,0,,3.9
2026-09-25T15:54Z,2026-09-25T15:50Z,Thimphu,0,360,5.1
2026-09-25T15:54Z,2026-09-25T15:50Z,Tawang,0,,0.2
2026-09-25T15:54Z,2026-09-25T15:50Z,Lhasa,0,,1.0
2026-09-25T15:54Z,2026-09-25T15:50Z,Shigatse,0,,0.1
2026-09-25T15:54Z,2026-09-25T15:50Z,Itanagar,0,,0.0
2026-09-25T16:00Z,2026-09-25T16:00Z,Gilgit,0,,0.9
2026-09-25T16:00Z,2026-09-25T16:00Z,Skardu,0,,0.0
2026-09-25T16:00Z,2026-09-25T16:00Z,Srinagar,0,,0.0
2026-09-25T16:00Z,2026-09-25T16:00Z,Leh,0,,0.0
2026-09-25T16:00Z,2026-09-25T16:00Z,Jammu,0,,0.0
2026-09-25T16:00Z,2026-09-25T16:00Z,Dharamshala,0,,0.0
2026-09-25T16:00Z,2026-09-25T16:00Z,Manali,0,,0.0
2026-09-25T16:00Z,2026-09-25T16:00Z,Kaza,0,,0.0
2026-09-25T16:00Z,2026-09-25T16:00Z,Shimla,0,,0.0
2026-09-25T16:00Z,2026-09-25T16:00Z,Dehradun,0,,0.0
2026-09-25T16:00Z,2026-09-25T16:00Z,Uttarkashi,0,,0.0
2026-09-25T16:00Z,2026-09-25T16:00Z,Joshimath,0,,0.7
2026-09-25T16:00Z,2026-09-25T16:00Z,Bhimtal,0,,17.1
2026-09-25T16:00Z,2026-09-25T16:00Z,Pithoragarh,0,360,27.7
2026-09-25T16:00Z,2026-09-25T16:00Z,Jumla,0,,18.9
2026-09-25T16:00Z,2026-09-25T16:00Z,Jomsom,0,,24.2
2026-09-25T16:00Z,2026-09-25T16:00Z,Pokhara,0,,24.4
2026-09-25T16:00Z,2026-09-25T16:00Z,Kathmandu,0,,12.6
2026-09-25T16:00Z,2026-09-25T16:00Z,Namche Bazaar,0,60,3.7
2026-09-25T16:00Z,2026-09-25T16:00Z,Darjeeling,0,,8.9
2026-09-25T16:00Z,2026-09-25T16:00Z,Gangtok,0,,4.5
2026-09-25T16:00Z,2026-09-25T16:00Z,Thimphu,0,,5.2
2026-09-25T16:00Z,2026-09-25T16:00Z,Tawang,0,,0.2
2026-09-25T16:00Z,2026-09-25T16:00Z,Lhasa,0,,0.8
2026-09-25T16:00Z,2026-09-25T16:00Z,Shigatse,0,,0.1
2026-09-25T16:00Z,2026-09-25T16:00Z,Itanagar,0,,0.0
2026-09-25T20:03Z,2026-09-25T20:00Z,Gilgit,0,,0.1
2026-09-25T20:03Z,2026-09-25T20:00Z,Skardu,0,,0.0
2026-09-25T20:03Z,2026-09-25T20:00Z,Srinagar,0,,0.0
2026-09-25T20:03Z,2026-09-25T20:00Z,Leh,0,,0.0
2026-09-25T20:03Z,2026-09-25T20:00Z,Jammu,0,,0.0
2026-09-25T20:03Z,2026-09-25T20:00Z,Dharamshala,0,,0.0
2026-09-25T20:03Z,2026-09-25T20:00Z,Manali,0,,0.0
2026-09-25T20:03Z,2026-09-25T20:00Z,Kaza,0,,0.0
2026-09-25T20:03Z,2026-09-25T20:00Z,Shimla,0,,0.0
2026-09-25T20:03Z,2026-09-25T20:00Z,Dehradun,0,,1.3
2026-09-25T20:03Z,2026-09-25T20:00Z,Uttarkashi,0,,3.6
2026-09-25T20:03Z,2026-09-25T20:00Z,Joshimath,0,,16.7
2026-09-25T20:03Z,2026-09-25T20:00Z,Bhimtal,0,280,30.0
2026-09-25T20:03Z,2026-09-25T20:00Z,Pithoragarh,0,260,29.7
2026-09-25T20:03Z,2026-09-25T20:00Z,Jumla,0,,15.9
2026-09-25T20:03Z,2026-09-25T20:00Z,Jomsom,0,,26.1
2026-09-25T20:03Z,2026-09-25T20:00Z,Pokhara,0,,24.4
2026-09-25T20:03Z,2026-09-25T20:00Z,Kathmandu,0,,18.1
2026-09-25T20:03Z,2026-09-25T20:00Z,Namche Bazaar,0,,10.6
2026-09-25T20:03Z,2026-09-25T20:00Z,Darjeeling,0,,8.3
2026-09-25T20:03Z,2026-09-25T20:00Z,Gangtok,0,,5.1
2026-09-25T20:03Z,2026-09-25T20:00Z,Thimphu,0,,3.0
2026-09-25T20:03Z,2026-09-25T20:00Z,Tawang,0,,0.2
2026-09-25T20:03Z,2026-09-25T20:00Z,Lhasa,0,,0.0
2026-09-25T20:03Z,2026-09-25T20:00Z,Shigatse,0,,0.0
2026-09-25T20:03Z,2026-09-25T20:00Z,Itanagar,0,,0.1
2026-09-25T23:20Z,2026-09-25T23:10Z,Gilgit,0,,1.7
2026-09-25T23:20Z,2026-09-25T23:10Z,Skardu,0,,0.0
2026-09-25T23:20Z,2026-09-25T23:10Z,Srinagar,0,,0.2
2026-09-25T23:20Z,2026-09-25T23:10Z,Leh,0,,0.0
2026-09-25T23:20Z,2026-09-25T23:10Z,Jammu,0,,0.0
2026-09-25T23:20Z,2026-09-25T23:10Z,Dharamshala,0,,0.2
2026-09-25T23:20Z,2026-09-25T23:10Z,Manali,0,,0.1
2026-09-25T23:20Z,2026-09-25T23:10Z,Kaza,0,,0.4
2026-09-25T23:20Z,2026-09-25T23:10Z,Shimla,0,,0.0
2026-09-25T23:20Z,2026-09-25T23:10Z,Dehradun,0,,8.0
2026-09-25T23:20Z,2026-09-25T23:10Z,Uttarkashi,0,,11.0
2026-09-25T23:20Z,2026-09-25T23:10Z,Joshimath,0,,20.3
2026-09-25T23:20Z,2026-09-25T23:10Z,Bhimtal,0,240,47.4
2026-09-25T23:20Z,2026-09-25T23:10Z,Pithoragarh,0,200,29.0
2026-09-25T23:20Z,2026-09-25T23:10Z,Jumla,0,,10.9
2026-09-25T23:20Z,2026-09-25T23:10Z,Jomsom,0,,20.6
2026-09-25T23:20Z,2026-09-25T23:10Z,Pokhara,0,,18.2
2026-09-25T23:20Z,2026-09-25T23:10Z,Kathmandu,0,,16.3
2026-09-25T23:20Z,2026-09-25T23:10Z,Namche Bazaar,0,120,11.4
2026-09-25T23:20Z,2026-09-25T23:10Z,Darjeeling,0,,8.2
2026-09-25T23:20Z,2026-09-25T23:10Z,Gangtok,23,,5.4
2026-09-25T23:20Z,2026-09-25T23:10Z,Thimphu,0,,4.1
2026-09-25T23:20Z,2026-09-25T23:10Z,Tawang,0,,1.5
2026-09-25T23:20Z,2026-09-25T23:10Z,Lhasa,0,,0.0
2026-09-25T23:20Z,2026-09-25T23:10Z,Shigatse,0,,0.0
2026-09-25T23:20Z,2026-09-25T23:10Z,Itanagar,0,,0.6
2026-09-26T05:05Z,2026-09-26T05:00Z,Gilgit,0,,3.2
2026-09-26T05:05Z,2026-09-26T05:00Z,Skardu,0,,0.0
2026-09-26T05:05Z,2026-09-26T05:00Z,Srinagar,0,,0.1
2026-09-26T05:05Z,2026-09-26T05:00Z,Leh,0,,0.0
2026-09-26T05:05Z,2026-09-26T05:00Z,Jammu,0,,0.0
2026-09-26T05:05Z,2026-09-26T05:00Z,Dharamshala,0,,0.5
2026-09-26T05:05Z,2026-09-26T05:00Z,Manali,0,,0.9
2026-09-26T05:05Z,2026-09-26T05:00Z,Kaza,0,,1.5
2026-09-26T05:05Z,2026-09-26T05:00Z,Shimla,0,,2.0
2026-09-26T05:05Z,2026-09-26T05:00Z,Dehradun,0,,29.0
2026-09-26T05:05Z,2026-09-26T05:00Z,Uttarkashi,0,,29.3
2026-09-26T05:05Z,2026-09-26T05:00Z,Joshimath,0,410,27.4
2026-09-26T05:05Z,2026-09-26T05:00Z,Bhimtal,0,220,48.4
2026-09-26T05:05Z,2026-09-26T05:00Z,Pithoragarh,0,100,18.7
2026-09-26T05:05Z,2026-09-26T05:00Z,Jumla,0,,6.1
2026-09-26T05:05Z,2026-09-26T05:00Z,Jomsom,0,,10.6
2026-09-26T05:05Z,2026-09-26T05:00Z,Pokhara,0,,7.5
2026-09-26T05:05Z,2026-09-26T05:00Z,Kathmandu,0,,6.1
2026-09-26T05:05Z,2026-09-26T05:00Z,Namche Bazaar,0,,3.9
2026-09-26T05:05Z,2026-09-26T05:00Z,Darjeeling,0,,0.9
2026-09-26T05:05Z,2026-09-26T05:00Z,Gangtok,0,,0.7
2026-09-26T05:05Z,2026-09-26T05:00Z,Thimphu,0,,1.6
2026-09-26T05:05Z,2026-09-26T05:00Z,Tawang,0,,2.1
2026-09-26T05:05Z,2026-09-26T05:00Z,Lhasa,0,,0.5
2026-09-26T05:05Z,2026-09-26T05:00Z,Shigatse,0,,0.2
2026-09-26T05:05Z,2026-09-26T05:00Z,Itanagar,0,,0.8
2026-09-26T13:08Z,2026-09-26T13:00Z,Gilgit,0,,0.0
2026-09-26T13:08Z,2026-09-26T13:00Z,Skardu,0,,0.0
2026-09-26T13:08Z,2026-09-26T13:00Z,Srinagar,0,,0.0
2026-09-26T13:08Z,2026-09-26T13:00Z,Leh,0,,0.0
2026-09-26T13:08Z,2026-09-26T13:00Z,Jammu,0,,0.0
2026-09-26T13:08Z,2026-09-26T13:00Z,Dharamshala,0,,0.0
2026-09-26T13:08Z,2026-09-26T13:00Z,Manali,0,,1.0
2026-09-26T13:08Z,2026-09-26T13:00Z,Kaza,0,,10.0
2026-09-26T13:08Z,2026-09-26T13:00Z,Shimla,0,,9.5
2026-09-26T13:08Z,2026-09-26T13:00Z,Dehradun,0,,26.0
2026-09-26T13:08Z,2026-09-26T13:00Z,Uttarkashi,0,,27.8
2026-09-26T13:08Z,2026-09-26T13:00Z,Joshimath,0,,25.1
2026-09-26T13:08Z,2026-09-26T13:00Z,Bhimtal,0,320,41.9
2026-09-26T13:08Z,2026-09-26T13:00Z,Pithoragarh,0,160,27.5
2026-09-26T13:08Z,2026-09-26T13:00Z,Jumla,0,230,15.6
2026-09-26T13:08Z,2026-09-26T13:00Z,Jomsom,0,,26.8
2026-09-26T13:08Z,2026-09-26T13:00Z,Pokhara,0,,40.8
2026-09-26T13:08Z,2026-09-26T13:00Z,Kathmandu,0,,23.4
2026-09-26T13:08Z,2026-09-26T13:00Z,Namche Bazaar,0,,4.7
2026-09-26T13:08Z,2026-09-26T13:00Z,Darjeeling,0,,0.4
2026-09-26T13:08Z,2026-09-26T13:00Z,Gangtok,0,,0.6
2026-09-26T13:08Z,2026-09-26T13:00Z,Thimphu,0,,0.0
2026-09-26T13:08Z,2026-09-26T13:00Z,Tawang,0,,0.0
2026-09-26T13:08Z,2026-09-26T13:00Z,Lhasa,0,,0.0
2026-09-26T13:08Z,2026-09-26T13:00Z,Shigatse,0,,0.0
2026-09-26T13:08Z,2026-09-26T13:00Z,Itanagar,0,,0.3
2026-09-26T16:28Z,2026-09-26T16:20Z,Gilgit,0,,0.0
2026-09-26T16:28Z,2026-09-26T16:20Z,Skardu,0,,0.0
2026-09-26T16:28Z,2026-09-26T16:20Z,Srinagar,0,,0.0
2026-09-26T16:28Z,2026-09-26T16:20Z,Leh,0,,0.0
2026-09-26T16:28Z,2026-09-26T16:20Z,Jammu,0,,0.0
2026-09-26T16:28Z,2026-09-26T16:20Z,Dharamshala,0,,0.0
2026-09-26T16:28Z,2026-09-26T16:20Z,Manali,0,,2.9
2026-09-26T16:28Z,2026-09-26T16:20Z,Kaza,0,,18.5
2026-09-26T16:28Z,2026-09-26T16:20Z,Shimla,0,,11.9
2026-09-26T16:28Z,2026-09-26T16:20Z,Dehradun,0,,26.5
2026-09-26T16:28Z,2026-09-26T16:20Z,Uttarkashi,20,,29.5
2026-09-26T16:28Z,2026-09-26T16:20Z,Joshimath,0,450,28.8
2026-09-26T16:28Z,2026-09-26T16:20Z,Bhimtal,0,230,43.5
2026-09-26T16:28Z,2026-09-26T16:20Z,Pithoragarh,0,290,28.5
2026-09-26T16:28Z,2026-09-26T16:20Z,Jumla,0,320,17.3
2026-09-26T16:28Z,2026-09-26T16:20Z,Jomsom,0,,35.1
2026-09-26T16:28Z,2026-09-26T16:20Z,Pokhara,0,,52.6
2026-09-26T16:28Z,2026-09-26T16:20Z,Kathmandu,0,,32.2
2026-09-26T16:28Z,2026-09-26T16:20Z,Namche Bazaar,0,,5.3
2026-09-26T16:28Z,2026-09-26T16:20Z,Darjeeling,0,,1.0
2026-09-26T16:28Z,2026-09-26T16:20Z,Gangtok,0,,0.7
2026-09-26T16:28Z,2026-09-26T16:20Z,Thimphu,0,,0.0
2026-09-26T16:28Z,2026-09-26T16:20Z,Tawang,0,,0.0
2026-09-26T16:28Z,2026-09-26T16:20Z,Lhasa,0,,0.0
2026-09-26T16:28Z,2026-09-26T16:20Z,Shigatse,0,,0.0
2026-09-26T16:28Z,2026-09-26T16:20Z,Itanagar,0,,0.9
2026-09-26T21:14Z,2026-09-26T21:10Z,Gilgit,0,,0.0
2026-09-26T21:14Z,2026-09-26T21:10Z,Skardu,0,,0.0
2026-09-26T21:14Z,2026-09-26T21:10Z,Srinagar,0,,0.0
2026-09-26T21:14Z,2026-09-26T21:10Z,Leh,0,,0.0
2026-09-26T21:14Z,2026-09-26T21:10Z,Jammu,0,,0.0
2026-09-26T21:14Z,2026-09-26T21:10Z,Dharamshala,0,,0.1
2026-09-26T21:14Z,2026-09-26T21:10Z,Manali,0,,0.2
2026-09-26T21:14Z,2026-09-26T21:10Z,Kaza,0,,13.2
2026-09-26T21:14Z,2026-09-26T21:10Z,Shimla,0,,0.8
2026-09-26T21:14Z,2026-09-26T21:10Z,Dehradun,0,,16.6
2026-09-26T21:14Z,2026-09-26T21:10Z,Uttarkashi,20,,15.2
2026-09-26T21:14Z,2026-09-26T21:10Z,Joshimath,0,,13.9
2026-09-26T21:14Z,2026-09-26T21:10Z,Bhimtal,0,,36.8
2026-09-26T21:14Z,2026-09-26T21:10Z,Pithoragarh,0,,10.5
2026-09-26T21:14Z,2026-09-26T21:10Z,Jumla,0,250,8.8
2026-09-26T21:14Z,2026-09-26T21:10Z,Jomsom,0,390,29.1
2026-09-26T21:14Z,2026-09-26T21:10Z,Pokhara,0,260,58.1
2026-09-26T21:14Z,2026-09-26T21:10Z,Kathmandu,0,170,31.2
2026-09-26T21:14Z,2026-09-26T21:10Z,Namche Bazaar,0,,3.6
2026-09-26T21:14Z,2026-09-26T21:10Z,Darjeeling,0,,0.2
2026-09-26T21:14Z,2026-09-26T21:10Z,Gangtok,0,,0.1
2026-09-26T21:14Z,2026-09-26T21:10Z,Thimphu,0,,0.0
2026-09-26T21:14Z,2026-09-26T21:10Z,Tawang,0,,0.1
2026-09-26T21:14Z,2026-09-26T21:10Z,Lhasa,0,,0.0
2026-09-26T21:14Z,2026-09-26T21:10Z,Shigatse,0,,0.0
2026-09-26T21:14Z,2026-09-26T21:10Z,Itanagar,0,,1.8
2026-09-27T07:42Z,2026-09-27T07:40Z,Gilgit,0,,0.6
2026-09-27T07:42Z,2026-09-27T07:40Z,Skardu,0,,0.2
2026-09-27T07:42Z,2026-09-27T07:40Z,Srinagar,0,,0.1
2026-09-27T07:42Z,2026-09-27T07:40Z,Leh,0,,0.0
2026-09-27T07:42Z,2026-09-27T07:40Z,Jammu,0,,0.2
2026-09-27T07:42Z,2026-09-27T07:40Z,Dharamshala,0,,0.5
2026-09-27T07:42Z,2026-09-27T07:40Z,Manali,0,,3.5
2026-09-27T07:42Z,2026-09-27T07:40Z,Kaza,0,,3.8
2026-09-27T07:42Z,2026-09-27T07:40Z,Shimla,0,,0.4
2026-09-27T07:42Z,2026-09-27T07:40Z,Dehradun,0,,22.6
2026-09-27T07:42Z,2026-09-27T07:40Z,Uttarkashi,0,,17.0
2026-09-27T07:42Z,2026-09-27T07:40Z,Joshimath,0,,4.4
2026-09-27T07:42Z,2026-09-27T07:40Z,Bhimtal,0,,1.4
2026-09-27T07:42Z,2026-09-27T07:40Z,Pithoragarh,0,,4.9
2026-09-27T07:42Z,2026-09-27T07:40Z,Jumla,0,,2.1
2026-09-27T07:42Z,2026-09-27T07:40Z,Jomsom,0,,0.2
2026-09-27T07:42Z,2026-09-27T07:40Z,Pokhara,0,,0.0
2026-09-27T07:42Z,2026-09-27T07:40Z,Kathmandu,0,,0.5
2026-09-27T07:42Z,2026-09-27T07:40Z,Namche Bazaar,0,,0.9
2026-09-27T07:42Z,2026-09-27T07:40Z,Darjeeling,0,,0.0
2026-09-27T07:42Z,2026-09-27T07:40Z,Gangtok,0,,0.1
2026-09-27T07:42Z,2026-09-27T07:40Z,Thimphu,0,,0.3
2026-09-27T07:42Z,2026-09-27T07:40Z,Tawang,0,,0.4
2026-09-27T07:42Z,2026-09-27T07:40Z,Lhasa,0,,0.2
2026-09-27T07:42Z,2026-09-27T07:40Z,Shigatse,0,,0.0
2026-09-27T07:42Z,2026-09-27T07:40Z,Itanagar,0,,1.0
2026-09-27T07:58Z,2026-09-27T07:50Z,Gilgit,0,,0.6
2026-09-27T07:58Z,2026-09-27T07:50Z,Skardu,0,,0.2
2026-09-27T07:58Z,2026-09-27T07:50Z,Srinagar,0,,0.1
2026-09-27T07:58Z,2026-09-27T07:50Z,Leh,0,,0.0
2026-09-27T07:58Z,2026-09-27T07:50Z,Jammu,0,,0.2
2026-09-27T07:58Z,2026-09-27T07:50Z,Dharamshala,0,,0.5
2026-09-27T07:58Z,2026-09-27T07:50Z,Manali,0,,3.5
2026-09-27T07:58Z,2026-09-27T07:50Z,Kaza,0,,3.8
2026-09-27T07:58Z,2026-09-27T07:50Z,Shimla,0,,0.4
2026-09-27T07:58Z,2026-09-27T07:50Z,Dehradun,20,,22.6
2026-09-27T07:58Z,2026-09-27T07:50Z,Uttarkashi,0,,17.0
2026-09-27T07:58Z,2026-09-27T07:50Z,Joshimath,0,,4.4
2026-09-27T07:58Z,2026-09-27T07:50Z,Bhimtal,0,,1.4
2026-09-27T07:58Z,2026-09-27T07:50Z,Pithoragarh,0,,4.9
2026-09-27T07:58Z,2026-09-27T07:50Z,Jumla,0,,2.1
2026-09-27T07:58Z,2026-09-27T07:50Z,Jomsom,0,,0.2
2026-09-27T07:58Z,2026-09-27T07:50Z,Pokhara,0,,0.0
2026-09-27T07:58Z,2026-09-27T07:50Z,Kathmandu,0,,0.5
2026-09-27T07:58Z,2026-09-27T07:50Z,Namche Bazaar,0,,0.9
2026-09-27T07:58Z,2026-09-27T07:50Z,Darjeeling,0,,0.0
2026-09-27T07:58Z,2026-09-27T07:50Z,Gangtok,0,,0.1
2026-09-27T07:58Z,2026-09-27T07:50Z,Thimphu,0,,0.3
2026-09-27T07:58Z,2026-09-27T07:50Z,Tawang,0,,0.4
2026-09-27T07:58Z,2026-09-27T07:50Z,Lhasa,0,,0.2
2026-09-27T07:58Z,2026-09-27T07:50Z,Shigatse,0,,0.0
2026-09-27T07:58Z,2026-09-27T07:50Z,Itanagar,0,,1.0
2026-09-27T08:04Z,2026-09-27T08:00Z,Gilgit,0,,0.5
2026-09-27T08:04Z,2026-09-27T08:00Z,Skardu,0,,0.1
2026-09-27T08:04Z,2026-09-27T08:00Z,Srinagar,0,,0.1
2026-09-27T08:04Z,2026-09-27T08:00Z,Leh,0,,0.0
2026-09-27T08:04Z,2026-09-27T08:00Z,Jammu,0,,0.2
2026-09-27T08:04Z,2026-09-27T08:00Z,Dharamshala,0,,0.3
2026-09-27T08:04Z,2026-09-27T08:00Z,Manali,0,,3.3
2026-09-27T08:04Z,2026-09-27T08:00Z,Kaza,0,,2.3
2026-09-27T08:04Z,2026-09-27T08:00Z,Shimla,0,,0.4
2026-09-27T08:04Z,2026-09-27T08:00Z,Dehradun,20,,18.9
2026-09-27T08:04Z,2026-09-27T08:00Z,Uttarkashi,0,,14.0
2026-09-27T08:04Z,2026-09-27T08:00Z,Joshimath,0,,1.5
2026-09-27T08:04Z,2026-09-27T08:00Z,Bhimtal,0,,1.4
2026-09-27T08:04Z,2026-09-27T08:00Z,Pithoragarh,0,,5.5
2026-09-27T08:04Z,2026-09-27T08:00Z,Jumla,0,,1.8
2026-09-27T08:04Z,2026-09-27T08:00Z,Jomsom,0,,0.1
2026-09-27T08:04Z,2026-09-27T08:00Z,Pokhara,0,,0.0
2026-09-27T08:04Z,2026-09-27T08:00Z,Kathmandu,0,,0.1
2026-09-27T08:04Z,2026-09-27T08:00Z,Namche Bazaar,0,,0.4
2026-09-27T08:04Z,2026-09-27T08:00Z,Darjeeling,0,,0.0
2026-09-27T08:04Z,2026-09-27T08:00Z,Gangtok,0,,0.0
2026-09-27T08:04Z,2026-09-27T08:00Z,Thimphu,0,,0.2
2026-09-27T08:04Z,2026-09-27T08:00Z,Tawang,0,,0.2
2026-09-27T08:04Z,2026-09-27T08:00Z,Lhasa,0,,0.1
2026-09-27T08:04Z,2026-09-27T08:00Z,Shigatse,0,,0.0
2026-09-27T08:04Z,2026-09-27T08:00Z,Itanagar,0,,0.7
2026-09-27T08:08Z,2026-09-27T08:00Z,Gilgit,0,,0.5
2026-09-27T08:08Z,2026-09-27T08:00Z,Skardu,0,,0.1
2026-09-27T08:08Z,2026-09-27T08:00Z,Srinagar,0,,0.1
2026-09-27T08:08Z,2026-09-27T08:00Z,Leh,0,,0.0
2026-09-27T08:08Z,2026-09-27T08:00Z,Jammu,0,,0.2
2026-09-27T08:08Z,2026-09-27T08:00Z,Dharamshala,0,,0.3
2026-09-27T08:08Z,2026-09-27T08:00Z,Manali,0,,3.3
2026-09-27T08:08Z,2026-09-27T08:00Z,Kaza,0,,2.3
2026-09-27T08:08Z,2026-09-27T08:00Z,Shimla,0,,0.4
2026-09-27T08:08Z,2026-09-27T08:00Z,Dehradun,20,,18.9
2026-09-27T08:08Z,2026-09-27T08:00Z,Uttarkashi,0,,14.0
2026-09-27T08:08Z,2026-09-27T08:00Z,Joshimath,0,,1.5
2026-09-27T08:08Z,2026-09-27T08:00Z,Bhimtal,0,,1.4
2026-09-27T08:08Z,2026-09-27T08:00Z,Pithoragarh,0,,5.5
2026-09-27T08:08Z,2026-09-27T08:00Z,Jumla,0,,1.8
2026-09-27T08:08Z,2026-09-27T08:00Z,Jomsom,0,,0.1
2026-09-27T08:08Z,2026-09-27T08:00Z,Pokhara,0,,0.0
2026-09-27T08:08Z,2026-09-27T08:00Z,Kathmandu,0,,0.1
2026-09-27T08:08Z,2026-09-27T08:00Z,Namche Bazaar,0,,0.4
2026-09-27T08:08Z,2026-09-27T08:00Z,Darjeeling,0,,0.0
2026-09-27T08:08Z,2026-09-27T08:00Z,Gangtok,0,,0.0
2026-09-27T08:08Z,2026-09-27T08:00Z,Thimphu,0,,0.2
2026-09-27T08:08Z,2026-09-27T08:00Z,Tawang,0,,0.2
2026-09-27T08:08Z,2026-09-27T08:00Z,Lhasa,0,,0.1
2026-09-27T08:08Z,2026-09-27T08:00Z,Shigatse,0,,0.0
2026-09-27T08:08Z,2026-09-27T08:00Z,Itanagar,0,,0.7
2026-09-27T08:16Z,2026-09-27T08:10Z,Gilgit,0,,0.5
2026-09-27T08:16Z,2026-09-27T08:10Z,Skardu,0,,0.1
2026-09-27T08:16Z,2026-09-27T08:10Z,Srinagar,0,,0.1
2026-09-27T08:16Z,2026-09-27T08:10Z,Leh,0,,0.0
2026-09-27T08:16Z,2026-09-27T08:10Z,Jammu,0,,0.2
2026-09-27T08:16Z,2026-09-27T08:10Z,Dharamshala,0,,0.3
2026-09-27T08:16Z,2026-09-27T08:10Z,Manali,0,,3.3
2026-09-27T08:16Z,2026-09-27T08:10Z,Kaza,0,,2.3
2026-09-27T08:16Z,2026-09-27T08:10Z,Shimla,0,220,0.4
2026-09-27T08:16Z,2026-09-27T08:10Z,Dehradun,20,,18.9
2026-09-27T08:16Z,2026-09-27T08:10Z,Uttarkashi,0,,14.0
2026-09-27T08:16Z,2026-09-27T08:10Z,Joshimath,0,,1.5
2026-09-27T08:16Z,2026-09-27T08:10Z,Bhimtal,0,,1.4
2026-09-27T08:16Z,2026-09-27T08:10Z,Pithoragarh,0,,5.5
2026-09-27T08:16Z,2026-09-27T08:10Z,Jumla,0,,1.8
2026-09-27T08:16Z,2026-09-27T08:10Z,Jomsom,0,,0.1
2026-09-27T08:16Z,2026-09-27T08:10Z,Pokhara,0,,0.0
2026-09-27T08:16Z,2026-09-27T08:10Z,Kathmandu,0,,0.1
2026-09-27T08:16Z,2026-09-27T08:10Z,Namche Bazaar,0,,0.4
2026-09-27T08:16Z,2026-09-27T08:10Z,Darjeeling,0,,0.0
2026-09-27T08:16Z,2026-09-27T08:10Z,Gangtok,0,,0.0
2026-09-27T08:16Z,2026-09-27T08:10Z,Thimphu,0,190,0.2
2026-09-27T08:16Z,2026-09-27T08:10Z,Tawang,0,,0.2
2026-09-27T08:16Z,2026-09-27T08:10Z,Lhasa,0,,0.1
2026-09-27T08:16Z,2026-09-27T08:10Z,Shigatse,0,,0.0
2026-09-27T08:16Z,2026-09-27T08:10Z,Itanagar,0,,0.7
2026-09-27T08:57Z,2026-09-27T08:50Z,Gilgit,0,,0.5
2026-09-27T08:57Z,2026-09-27T08:50Z,Skardu,0,,0.1
2026-09-27T08:57Z,2026-09-27T08:50Z,Srinagar,0,,0.1
2026-09-27T08:57Z,2026-09-27T08:50Z,Leh,0,,0.0
2026-09-27T08:57Z,2026-09-27T08:50Z,Jammu,0,,0.2
2026-09-27T08:57Z,2026-09-27T08:50Z,Dharamshala,0,,0.3
2026-09-27T08:57Z,2026-09-27T08:50Z,Manali,0,,3.3
2026-09-27T08:57Z,2026-09-27T08:50Z,Kaza,0,,2.3
2026-09-27T08:57Z,2026-09-27T08:50Z,Shimla,0,220,0.4
2026-09-27T08:57Z,2026-09-27T08:50Z,Dehradun,0,,18.9
2026-09-27T08:57Z,2026-09-27T08:50Z,Uttarkashi,0,,14.0
2026-09-27T08:57Z,2026-09-27T08:50Z,Joshimath,0,,1.5
2026-09-27T08:57Z,2026-09-27T08:50Z,Bhimtal,0,,1.4
2026-09-27T08:57Z,2026-09-27T08:50Z,Pithoragarh,0,,5.5
2026-09-27T08:57Z,2026-09-27T08:50Z,Jumla,0,,1.8
2026-09-27T08:57Z,2026-09-27T08:50Z,Jomsom,0,,0.1
2026-09-27T08:57Z,2026-09-27T08:50Z,Pokhara,0,,0.0
2026-09-27T08:57Z,2026-09-27T08:50Z,Kathmandu,0,,0.1
2026-09-27T08:57Z,2026-09-27T08:50Z,Namche Bazaar,0,,0.4
2026-09-27T08:57Z,2026-09-27T08:50Z,Darjeeling,0,,0.0
2026-09-27T08:57Z,2026-09-27T08:50Z,Gangtok,0,,0.0
2026-09-27T08:57Z,2026-09-27T08:50Z,Thimphu,0,,0.2
2026-09-27T08:57Z,2026-09-27T08:50Z,Tawang,0,,0.2
2026-09-27T08:57Z,2026-09-27T08:50Z,Lhasa,0,,0.1
2026-09-27T08:57Z,2026-09-27T08:50Z,Shigatse,0,,0.0
2026-09-27T08:57Z,2026-09-27T08:50Z,Itanagar,0,,0.7
2026-09-27T08:58Z,2026-09-27T08:50Z,Gilgit,0,,0.5
2026-09-27T08:58Z,2026-09-27T08:50Z,Skardu,0,,0.1
2026-09-27T08:58Z,2026-09-27T08:50Z,Srinagar,0,,0.1
2026-09-27T08:58Z,2026-09-27T08:50Z,Leh,0,,0.0
2026-09-27T08:58Z,2026-09-27T08:50Z,Jammu,0,,0.2
2026-09-27T08:58Z,2026-09-27T08:50Z,Dharamshala,0,,0.3
2026-09-27T08:58Z,2026-09-27T08:50Z,Manali,0,,3.3
2026-09-27T08:58Z,2026-09-27T08:50Z,Kaza,0,,2.3
2026-09-27T08:58Z,2026-09-27T08:50Z,Shimla,0,220,0.4
2026-09-27T08:58Z,2026-09-27T08:50Z,Dehradun,0,,18.9
2026-09-27T08:58Z,2026-09-27T08:50Z,Uttarkashi,0,,14.0
2026-09-27T08:58Z,2026-09-27T08:50Z,Joshimath,0,,1.5
2026-09-27T08:58Z,2026-09-27T08:50Z,Bhimtal,0,,1.4
2026-09-27T08:58Z,2026-09-27T08:50Z,Pithoragarh,0,,5.5
2026-09-27T08:58Z,2026-09-27T08:50Z,Jumla,0,,1.8
2026-09-27T08:58Z,2026-09-27T08:50Z,Jomsom,0,,0.1
2026-09-27T08:58Z,2026-09-27T08:50Z,Pokhara,0,,0.0
2026-09-27T08:58Z,2026-09-27T08:50Z,Kathmandu,0,,0.1
2026-09-27T08:58Z,2026-09-27T08:50Z,Namche Bazaar,0,,0.4
2026-09-27T08:58Z,2026-09-27T08:50Z,Darjeeling,0,,0.0
2026-09-27T08:58Z,2026-09-27T08:50Z,Gangtok,0,,0.0
2026-09-27T08:58Z,2026-09-27T08:50Z,Thimphu,0,,0.2
2026-09-27T08:58Z,2026-09-27T08:50Z,Tawang,0,,0.2
2026-09-27T08:58Z,2026-09-27T08:50Z,Lhasa,0,,0.1
2026-09-27T08:58Z,2026-09-27T08:50Z,Shigatse,0,,0.0
2026-09-27T08:58Z,2026-09-27T08:50Z,Itanagar,0,,0.7
2026-09-27T09:27Z,2026-09-27T09:20Z,Gilgit,0,,0.2
2026-09-27T09:27Z,2026-09-27T09:20Z,Skardu,0,,0.0
2026-09-27T09:27Z,2026-09-27T09:20Z,Srinagar,0,,0.1
2026-09-27T09:27Z,2026-09-27T09:20Z,Leh,0,,0.0
2026-09-27T09:27Z,2026-09-27T09:20Z,Jammu,0,,0.1
2026-09-27T09:27Z,2026-09-27T09:20Z,Dharamshala,0,,0.2
2026-09-27T09:27Z,2026-09-27T09:20Z,Manali,0,,3.2
2026-09-27T09:27Z,2026-09-27T09:20Z,Kaza,0,,1.1
2026-09-27T09:27Z,2026-09-27T09:20Z,Shimla,0,240,0.3
2026-09-27T09:27Z,2026-09-27T09:20Z,Dehradun,0,,15.4
2026-09-27T09:27Z,2026-09-27T09:20Z,Uttarkashi,0,,11.2
2026-09-27T09:27Z,2026-09-27T09:20Z,Joshimath,0,,1.2
2026-09-27T09:27Z,2026-09-27T09:20Z,Bhimtal,0,,1.1
2026-09-27T09:27Z,2026-09-27T09:20Z,Pithoragarh,0,,5.9
2026-09-27T09:27Z,2026-09-27T09:20Z,Jumla,0,,1.3
2026-09-27T09:27Z,2026-09-27T09:20Z,Jomsom,0,,0.1
2026-09-27T09:27Z,2026-09-27T09:20Z,Pokhara,0,,0.0
2026-09-27T09:27Z,2026-09-27T09:20Z,Kathmandu,0,,0.0
2026-09-27T09:27Z,2026-09-27T09:20Z,Namche Bazaar,0,,0.1
2026-09-27T09:27Z,2026-09-27T09:20Z,Darjeeling,0,,0.0
2026-09-27T09:27Z,2026-09-27T09:20Z,Gangtok,0,,0.0
2026-09-27T09:27Z,2026-09-27T09:20Z,Thimphu,0,,0.1
2026-09-27T09:27Z,2026-09-27T09:20Z,Tawang,0,,0.1
2026-09-27T09:27Z,2026-09-27T09:20Z,Lhasa,0,,0.0
2026-09-27T09:27Z,2026-09-27T09:20Z,Shigatse,0,,0.0
2026-09-27T09:27Z,2026-09-27T09:20Z,Itanagar,0,,0.5
2026-09-27T14:05Z,2026-09-27T14:00Z,Gilgit,0,,0.1
2026-09-27T14:05Z,2026-09-27T14:00Z,Skardu,0,,0.0
2026-09-27T14:05Z,2026-09-27T14:00Z,Srinagar,0,,0.0
2026-09-27T14:05Z,2026-09-27T14:00Z,Leh,0,,0.0
2026-09-27T14:05Z,2026-09-27T14:00Z,Jammu,0,,0.1
2026-09-27T14:05Z,2026-09-27T14:00Z,Dharamshala,0,,0.0
2026-09-27T14:05Z,2026-09-27T14:00Z,Manali,0,,0.1
2026-09-27T14:05Z,2026-09-27T14:00Z,Kaza,0,,0.2
2026-09-27T14:05Z,2026-09-27T14:00Z,Shimla,0,,0.2
2026-09-27T14:05Z,2026-09-27T14:00Z,Dehradun,0,150,22.0
2026-09-27T14:05Z,2026-09-27T14:00Z,Uttarkashi,20,,8.6
2026-09-27T14:05Z,2026-09-27T14:00Z,Joshimath,0,,1.6
2026-09-27T14:05Z,2026-09-27T14:00Z,Bhimtal,0,,0.2
2026-09-27T14:05Z,2026-09-27T14:00Z,Pithoragarh,0,,2.2
2026-09-27T14:05Z,2026-09-27T14:00Z,Jumla,0,,0.0
2026-09-27T14:05Z,2026-09-27T14:00Z,Jomsom,0,,0.0
2026-09-27T14:05Z,2026-09-27T14:00Z,Pokhara,0,,0.0
2026-09-27T14:05Z,2026-09-27T14:00Z,Kathmandu,0,,0.0
2026-09-27T14:05Z,2026-09-27T14:00Z,Namche Bazaar,0,,0.0
2026-09-27T14:05Z,2026-09-27T14:00Z,Darjeeling,0,,0.0
2026-09-27T14:05Z,2026-09-27T14:00Z,Gangtok,0,,0.0
2026-09-27T14:05Z,2026-09-27T14:00Z,Thimphu,0,,0.0
2026-09-27T14:05Z,2026-09-27T14:00Z,Tawang,0,,0.0
2026-09-27T14:05Z,2026-09-27T14:00Z,Lhasa,0,,0.0
2026-09-27T14:05Z,2026-09-27T14:00Z,Shigatse,0,,0.0
2026-09-27T14:05Z,2026-09-27T14:00Z,Itanagar,0,,0.0
2026-09-27T18:29Z,2026-09-27T18:20Z,Gilgit,0,,0.0
2026-09-27T18:29Z,2026-09-27T18:20Z,Skardu,0,,0.0
2026-09-27T18:29Z,2026-09-27T18:20Z,Srinagar,0,,0.0
2026-09-27T18:29Z,2026-09-27T18:20Z,Leh,0,,0.0
2026-09-27T18:29Z,2026-09-27T18:20Z,Jammu,0,,0.9
2026-09-27T18:29Z,2026-09-27T18:20Z,Dharamshala,0,,0.0
2026-09-27T18:29Z,2026-09-27T18:20Z,Manali,0,,0.1
2026-09-27T18:29Z,2026-09-27T18:20Z,Kaza,0,,0.0
2026-09-27T18:29Z,2026-09-27T18:20Z,Shimla,0,,0.4
2026-09-27T18:29Z,2026-09-27T18:20Z,Dehradun,0,140,2.1
2026-09-27T18:29Z,2026-09-27T18:20Z,Uttarkashi,0,,2.0
2026-09-27T18:29Z,2026-09-27T18:20Z,Joshimath,0,,1.0
2026-09-27T18:29Z,2026-09-27T18:20Z,Bhimtal,0,,0.5
2026-09-27T18:29Z,2026-09-27T18:20Z,Pithoragarh,0,,0.2
2026-09-27T18:29Z,2026-09-27T18:20Z,Jumla,0,,0.0
2026-09-27T18:29Z,2026-09-27T18:20Z,Jomsom,0,,0.0
2026-09-27T18:29Z,2026-09-27T18:20Z,Pokhara,0,,0.0
2026-09-27T18:29Z,2026-09-27T18:20Z,Kathmandu,0,,0.0
2026-09-27T18:29Z,2026-09-27T18:20Z,Namche Bazaar,0,,0.0
2026-09-27T18:29Z,2026-09-27T18:20Z,Darjeeling,0,,0.0
2026-09-27T18:29Z,2026-09-27T18:20Z,Gangtok,0,,0.0
2026-09-27T18:29Z,2026-09-27T18:20Z,Thimphu,0,,0.0
2026-09-27T18:29Z,2026-09-27T18:20Z,Tawang,0,,0.0
2026-09-27T18:29Z,2026-09-27T18:20Z,Lhasa,0,,0.0
2026-09-27T18:29Z,2026-09-27T18:20Z,Shigatse,0,,0.0
2026-09-27T18:29Z,2026-09-27T18:20Z,Itanagar,0,,0.5
2026-09-27T23:06Z,2026-09-27T23:00Z,Gilgit,0,,0.4
2026-09-27T23:06Z,2026-09-27T23:00Z,Skardu,0,,0.0
2026-09-27T23:06Z,2026-09-27T23:00Z,Srinagar,0,,0.8
2026-09-27T23:06Z,2026-09-27T23:00Z,Leh,0,,0.0
2026-09-27T23:06Z,2026-09-27T23:00Z,Jammu,0,,0.1
2026-09-27T23:06Z,2026-09-27T23:00Z,Dharamshala,0,,9.8
2026-09-27T23:06Z,2026-09-27T23:00Z,Manali,0,,4.2
2026-09-27T23:06Z,2026-09-27T23:00Z,Kaza,0,,1.5
2026-09-27T23:06Z,2026-09-27T23:00Z,Shimla,0,,6.4
2026-09-27T23:06Z,2026-09-27T23:00Z,Dehradun,0,,1.1
2026-09-27T23:06Z,2026-09-27T23:00Z,Uttarkashi,20,,0.8
2026-09-27T23:06Z,2026-09-27T23:00Z,Joshimath,0,,0.1
2026-09-27T23:06Z,2026-09-27T23:00Z,Bhimtal,0,,0.2
2026-09-27T23:06Z,2026-09-27T23:00Z,Pithoragarh,0,,0.0
2026-09-27T23:06Z,2026-09-27T23:00Z,Jumla,0,,0.4
2026-09-27T23:06Z,2026-09-27T23:00Z,Jomsom,0,,0.2
2026-09-27T23:06Z,2026-09-27T23:00Z,Pokhara,0,,0.0
2026-09-27T23:06Z,2026-09-27T23:00Z,Kathmandu,0,,0.6
2026-09-27T23:06Z,2026-09-27T23:00Z,Namche Bazaar,0,,0.2
2026-09-27T23:06Z,2026-09-27T23:00Z,Darjeeling,0,,0.0
2026-09-27T23:06Z,2026-09-27T23:00Z,Gangtok,0,,0.0
2026-09-27T23:06Z,2026-09-27T23:00Z,Thimphu,0,,0.0
2026-09-27T23:06Z,2026-09-27T23:00Z,Tawang,0,,0.4
2026-09-27T23:06Z,2026-09-27T23:00Z,Lhasa,0,,0.2
2026-09-27T23:06Z,2026-09-27T23:00Z,Shigatse,0,,0.0
2026-09-27T23:06Z,2026-09-27T23:00Z,Itanagar,0,,1.0
2026-09-28T04:46Z,2026-09-28T04:40Z,Gilgit,0,,1.2
2026-09-28T04:46Z,2026-09-28T04:40Z,Skardu,0,,0.7
2026-09-28T04:46Z,2026-09-28T04:40Z,Srinagar,0,,1.6
2026-09-28T04:46Z,2026-09-28T04:40Z,Leh,0,,0.8
2026-09-28T04:46Z,2026-09-28T04:40Z,Jammu,0,,0.0
2026-09-28T04:46Z,2026-09-28T04:40Z,Dharamshala,0,,3.3
2026-09-28T04:46Z,2026-09-28T04:40Z,Manali,0,,6.8
2026-09-28T04:46Z,2026-09-28T04:40Z,Kaza,0,,2.8
2026-09-28T04:46Z,2026-09-28T04:40Z,Shimla,0,,8.2
2026-09-28T04:46Z,2026-09-28T04:40Z,Dehradun,0,,5.9
2026-09-28T04:46Z,2026-09-28T04:40Z,Uttarkashi,0,,4.5
2026-09-28T04:46Z,2026-09-28T04:40Z,Joshimath,0,,1.5
2026-09-28T04:46Z,2026-09-28T04:40Z,Bhimtal,0,,0.5
2026-09-28T04:46Z,2026-09-28T04:40Z,Pithoragarh,0,,0.4
2026-09-28T04:46Z,2026-09-28T04:40Z,Jumla,0,,1.4
2026-09-28T04:46Z,2026-09-28T04:40Z,Jomsom,0,,0.4
2026-09-28T04:46Z,2026-09-28T04:40Z,Pokhara,0,,0.0
2026-09-28T04:46Z,2026-09-28T04:40Z,Kathmandu,0,,1.2
2026-09-28T04:46Z,2026-09-28T04:40Z,Namche Bazaar,0,,0.7
2026-09-28T04:46Z,2026-09-28T04:40Z,Darjeeling,0,,0.3
2026-09-28T04:46Z,2026-09-28T04:40Z,Gangtok,0,,1.2
2026-09-28T04:46Z,2026-09-28T04:40Z,Thimphu,0,,0.1
2026-09-28T04:46Z,2026-09-28T04:40Z,Tawang,0,,1.5
2026-09-28T04:46Z,2026-09-28T04:40Z,Lhasa,0,,0.0
2026-09-28T04:46Z,2026-09-28T04:40Z,Shigatse,0,,0.0
2026-09-28T04:46Z,2026-09-28T04:40Z,Itanagar,0,,1.5
2026-09-28T04:54Z,2026-09-28T04:50Z,Gilgit,0,,1.2
2026-09-28T04:54Z,2026-09-28T04:50Z,Skardu,0,,0.7
2026-09-28T04:54Z,2026-09-28T04:50Z,Srinagar,0,,1.6
2026-09-28T04:54Z,2026-09-28T04:50Z,Leh,0,,0.8
2026-09-28T04:54Z,2026-09-28T04:50Z,Jammu,0,,0.0
2026-09-28T04:54Z,2026-09-28T04:50Z,Dharamshala,0,,3.3
2026-09-28T04:54Z,2026-09-28T04:50Z,Manali,0,,6.8
2026-09-28T04:54Z,2026-09-28T04:50Z,Kaza,0,,2.8
2026-09-28T04:54Z,2026-09-28T04:50Z,Shimla,0,,8.2
2026-09-28T04:54Z,2026-09-28T04:50Z,Dehradun,0,,5.9
2026-09-28T04:54Z,2026-09-28T04:50Z,Uttarkashi,0,,4.5
2026-09-28T04:54Z,2026-09-28T04:50Z,Joshimath,0,,1.5
2026-09-28T04:54Z,2026-09-28T04:50Z,Bhimtal,0,,0.5
2026-09-28T04:54Z,2026-09-28T04:50Z,Pithoragarh,0,,0.4
2026-09-28T04:54Z,2026-09-28T04:50Z,Jumla,0,,1.4
2026-09-28T04:54Z,2026-09-28T04:50Z,Jomsom,0,,0.4
2026-09-28T04:54Z,2026-09-28T04:50Z,Pokhara,0,,0.0
2026-09-28T04:54Z,2026-09-28T04:50Z,Kathmandu,0,,1.2
2026-09-28T04:54Z,2026-09-28T04:50Z,Namche Bazaar,0,,0.7
2026-09-28T04:54Z,2026-09-28T04:50Z,Darjeeling,0,,0.3
2026-09-28T04:54Z,2026-09-28T04:50Z,Gangtok,0,,1.2
2026-09-28T04:54Z,2026-09-28T04:50Z,Thimphu,0,,0.1
2026-09-28T04:54Z,2026-09-28T04:50Z,Tawang,0,,1.5
2026-09-28T04:54Z,2026-09-28T04:50Z,Lhasa,0,,0.0
2026-09-28T04:54Z,2026-09-28T04:50Z,Shigatse,0,,0.0
2026-09-28T04:54Z,2026-09-28T04:50Z,Itanagar,0,,1.5
2026-09-28T05:15Z,2026-09-28T05:10Z,Gilgit,0,,1.0
2026-09-28T05:15Z,2026-09-28T05:10Z,Skardu,0,,0.8
2026-09-28T05:15Z,2026-09-28T05:10Z,Srinagar,0,,1.8
2026-09-28T05:15Z,2026-09-28T05:10Z,Leh,0,,0.7
2026-09-28T05:15Z,2026-09-28T05:10Z,Jammu,0,,0.0
2026-09-28T05:15Z,2026-09-28T05:10Z,Dharamshala,0,,3.0
2026-09-28T05:15Z,2026-09-28T05:10Z,Manali,0,,7.0
2026-09-28T05:15Z,2026-09-28T05:10Z,Kaza,0,,3.5
2026-09-28T05:15Z,2026-09-28T05:10Z,Shimla,0,300,9.3
2026-09-28T05:15Z,2026-09-28T05:10Z,Dehradun,0,80,5.8
2026-09-28T05:15Z,2026-09-28T05:10Z,Uttarkashi,0,,4.4
2026-09-28T05:15Z,2026-09-28T05:10Z,Joshimath,0,,1.5
2026-09-28T05:15Z,2026-09-28T05:10Z,Bhimtal,0,,0.4
2026-09-28T05:15Z,2026-09-28T05:10Z,Pithoragarh,0,,0.4
2026-09-28T05:15Z,2026-09-28T05:10Z,Jumla,0,,1.3
2026-09-28T05:15Z,2026-09-28T05:10Z,Jomsom,0,,0.4
2026-09-28T05:15Z,2026-09-28T05:10Z,Pokhara,0,,0.0
2026-09-28T05:15Z,2026-09-28T05:10Z,Kathmandu,0,,1.2
2026-09-28T05:15Z,2026-09-28T05:10Z,Namche Bazaar,0,,0.7
2026-09-28T05:15Z,2026-09-28T05:10Z,Darjeeling,0,,0.3
2026-09-28T05:15Z,2026-09-28T05:10Z,Gangtok,0,,1.2
2026-09-28T05:15Z,2026-09-28T05:10Z,Thimphu,0,,0.1
2026-09-28T05:15Z,2026-09-28T05:10Z,Tawang,0,,1.4
2026-09-28T05:15Z,2026-09-28T05:10Z,Lhasa,0,,0.0
2026-09-28T05:15Z,2026-09-28T05:10Z,Shigatse,0,,0.0
2026-09-28T05:15Z,2026-09-28T05:10Z,Itanagar,0,,1.4
